pickup_lat_grid,pickup_lon_grid,pct_morning_cell,pct_afternoon_cell,pct_evening_cell,pct_late_night_cell,pct_weekend_cell,pct_weekday_cell,pct_short_cell,pct_medium_cell,pct_long_cell,total_trips,pct_morning_city,pct_afternoon_city,pct_evening_city,pct_late_night_city,pct_weekend_city,pct_weekday_city,pct_short_city,pct_medium_city,pct_long_city,late_night_dev,weekend_dev,short_dev,night_life_score,night_rank
41.946,-87.654,7.04,10.64,26.41,55.91,55.36,44.64,27.5,62.7,9.8,256434,24.03,25.2,24.22,26.56,31.86,68.14,26.16,48.78,25.05,29.349999999999998,23.5,1.3399999999999999,18.063333333333333,1
41.928,-87.7,6.2,11.13,23.07,59.61,55.67,44.33,21.18,71.61,7.2,81654,24.03,25.2,24.22,26.56,31.86,68.14,26.16,48.78,25.05,33.05,23.810000000000002,-4.98,17.293333333333333,2
41.856,-87.644,13.31,12.18,17.03,57.48,61.46,38.54,14.62,69.13,16.24,62038,24.03,25.2,24.22,26.56,31.86,68.14,26.16,48.78,25.05,30.919999999999998,29.6,-11.540000000000001,16.326666666666664,3
41.949,-87.657,8.38,12.72,24.66,54.24,51.93,48.07,26.99,60.98,12.03,175921,24.03,25.2,24.22,26.56,31.86,68.14,26.16,48.78,25.05,27.680000000000003,20.07,0.82999999999999829,16.193333333333332,4
41.922,-87.646,11.14,16.55,25.47,46.84,49.51,50.49,36.03,56.08,7.89,263497,24.03,25.2,24.22,26.56,31.86,68.14,26.16,48.78,25.05,20.280000000000005,17.65,9.870000000000001,15.933333333333337,5
41.798,-87.599,13.62,13.24,36.6,36.54,36.69,63.31,58.84,20.59,20.57,64313,24.03,25.2,24.22,26.56,31.86,68.14,26.16,48.78,25.05,9.98,4.8299999999999983,32.680000000000007,15.830000000000004,6
41.892,-87.632,15.36,16.91,26.21,41.53,37.65,62.35,52.19,33.65,14.16,1541174,24.03,25.2,24.22,26.56,31.86,68.14,26.16,48.78,25.05,14.970000000000002,5.7899999999999991,26.029999999999998,15.596666666666666,7
41.9,-87.629,17.49,16.03,23.1,43.38,43.1,56.9,44.06,45.69,10.25,353179,24.03,25.2,24.22,26.56,31.86,68.14,26.16,48.78,25.05,16.820000000000004,11.240000000000002,17.900000000000002,15.320000000000002,8
41.907,-87.636,14.65,15.09,26.2,44.06,46.76,53.24,39.02,52.61,8.37,479243,24.03,25.2,24.22,26.56,31.86,68.14,26.16,48.78,25.05,17.500000000000004,14.899999999999999,12.860000000000003,15.086666666666668,9
41.943,-87.652,10.82,14.58,23.78,50.82,50.36,49.64,28.25,62.27,9.47,311179,24.03,25.2,24.22,26.56,31.86,68.14,26.16,48.78,25.05,24.26,18.5,2.09,14.950000000000003,10
41.936,-87.671,9.75,18.05,30.68,41.52,53.42,46.58,34.23,58.47,7.29,69273,24.03,25.2,24.22,26.56,31.86,68.14,26.16,48.78,25.05,14.960000000000004,21.560000000000002,8.0699999999999967,14.863333333333335,11
41.936,-87.666,10.7,16.68,29.37,43.25,49.78,50.22,36.13,56.63,7.24,116747,24.03,25.2,24.22,26.56,31.86,68.14,26.16,48.78,25.05,16.69,17.92,9.9700000000000024,14.86,12
41.929,-87.651,12.5,15.92,25.4,46.19,48.02,51.98,34.94,56.19,8.87,275994,24.03,25.2,24.22,26.56,31.86,68.14,26.16,48.78,25.05,19.63,16.160000000000004,8.7799999999999976,14.856666666666669,13
41.936,-87.656,13.55,16.94,27.87,41.65,49.62,50.38,36.02,55.02,8.96,164893,24.03,25.2,24.22,26.56,31.86,68.14,26.16,48.78,25.05,15.09,17.759999999999998,9.860000000000003,14.236666666666665,14
41.949,-87.652,12.98,14.4,26.07,46.55,50.06,49.94,29.55,60.14,10.31,115807,24.03,25.2,24.22,26.56,31.86,68.14,26.16,48.78,25.05,19.99,18.200000000000003,3.3900000000000006,13.86,15
41.921,-87.7,9.37,12.02,24.03,54.58,51.0,49.0,19.59,72.66,7.75,159036,24.03,25.2,24.22,26.56,31.86,68.14,26.16,48.78,25.05,28.02,19.14,-6.57,13.53,16
41.943,-87.657,11.9,15.78,29.49,42.83,50.75,49.25,30.96,58.85,10.19,132517,24.03,25.2,24.22,26.56,31.86,68.14,26.16,48.78,25.05,16.27,18.89,4.8000000000000007,13.319999999999999,17
41.892,-87.629,20.39,17.67,25.12,36.82,36.78,63.22,48.96,35.37,15.67,694903,24.03,25.2,24.22,26.56,31.86,68.14,26.16,48.78,25.05,10.260000000000002,4.9200000000000017,22.8,12.660000000000002,18
41.945,-87.676,7.48,12.97,38.11,41.43,54.49,45.51,26.42,67.04,6.55,13108,24.03,25.2,24.22,26.56,31.86,68.14,26.16,48.78,25.05,14.870000000000001,22.630000000000003,0.26000000000000156,12.586666666666668,19
41.943,-87.647,14.69,15.97,24.04,45.3,48.53,51.47,27.43,62.05,10.52,209280,24.03,25.2,24.22,26.56,31.86,68.14,26.16,48.78,25.05,18.74,16.67,1.2699999999999996,12.226666666666665,20
41.936,-87.661,14.86,17.43,29.37,38.34,47.36,52.64,35.55,55.82,8.63,149912,24.03,25.2,24.22,26.56,31.86,68.14,26.16,48.78,25.05,11.780000000000005,15.5,9.389999999999997,12.223333333333334,21
42.006,-87.813,15.54,14.34,21.71,48.41,53.12,46.88,19.05,47.63,33.33,23107,24.03,25.2,24.22,26.56,31.86,68.14,26.16,48.78,25.05,21.849999999999998,21.259999999999998,-7.1099999999999994,12.0,22
41.922,-87.651,10.58,18.86,30.75,39.81,44.53,55.47,35.9,56.82,7.28,202320,24.03,25.2,24.22,26.56,31.86,68.14,26.16,48.78,25.05,13.250000000000004,12.670000000000002,9.7399999999999984,11.886666666666668,23
41.945,-87.681,5.81,13.3,35.36,45.53,48.16,51.84,25.56,68.01,6.43,22700,24.03,25.2,24.22,26.56,31.86,68.14,26.16,48.78,25.05,18.970000000000002,16.299999999999997,-0.60000000000000142,11.556666666666665,24
41.885,-87.657,10.98,17.71,27.65,43.67,37.68,62.32,37.81,50.44,11.75,2095662,24.03,25.2,24.22,26.56,31.86,68.14,26.16,48.78,25.05,17.110000000000003,5.82,11.650000000000002,11.526666666666669,25
41.898,-87.654,17.33,16.83,23.65,42.2,38.1,61.9,38.0,52.99,9.01,390155,24.03,25.2,24.22,26.56,31.86,68.14,26.16,48.78,25.05,15.640000000000004,6.240000000000002,11.84,11.240000000000002,26
41.783,-87.599,11.37,14.55,47.75,26.33,32.73,67.27,58.93,21.34,19.73,101865,24.03,25.2,24.22,26.56,31.86,68.14,26.16,48.78,25.05,-0.23000000000000043,0.86999999999999744,32.769999999999996,11.136666666666665,27
41.916,-87.675,10.66,15.88,28.6,44.86,50.61,49.39,22.5,70.2,7.3,114440,24.03,25.2,24.22,26.56,31.86,68.14,26.16,48.78,25.05,18.3,18.75,-3.66,11.13,28
41.915,-87.71,14.16,14.6,23.83,47.41,46.75,53.25,21.86,70.41,7.73,29508,24.03,25.2,24.22,26.56,31.86,68.14,26.16,48.78,25.05,20.849999999999998,14.89,-4.3000000000000007,10.479999999999999,29
41.906,-87.631,21.56,19.83,25.67,32.94,43.44,56.56,39.63,49.52,10.85,281660,24.03,25.2,24.22,26.56,31.86,68.14,26.16,48.78,25.05,6.379999999999999,11.579999999999998,13.470000000000002,10.476666666666667,30
41.893,-87.638,21.66,23.18,28.68,26.48,33.57,66.43,55.91,31.31,12.78,1208674,24.03,25.2,24.22,26.56,31.86,68.14,26.16,48.78,25.05,-0.0799999999999983,1.7100000000000009,29.749999999999996,10.459999999999999,31
41.928,-87.705,9.88,16.75,26.52,46.85,49.92,50.08,19.16,72.52,8.33,123313,24.03,25.2,24.22,26.56,31.86,68.14,26.16,48.78,25.05,20.290000000000003,18.060000000000002,-7.0,10.450000000000003,32
41.927,-87.643,14.5,18.59,31.67,35.25,45.9,54.1,34.69,57.97,7.34,80740,24.03,25.2,24.22,26.56,31.86,68.14,26.16,48.78,25.05,8.6900000000000013,14.04,8.5299999999999976,10.42,33
41.929,-87.656,15.67,19.26,28.72,36.35,43.61,56.39,34.65,55.85,9.5,126347,24.03,25.2,24.22,26.56,31.86,68.14,26.16,48.78,25.05,9.7900000000000027,11.75,8.4899999999999984,10.01,34
41.79,-87.59,14.67,18.27,43.05,24.01,31.71,68.29,58.35,17.82,23.83,56141,24.03,25.2,24.22,26.56,31.86,68.14,26.16,48.78,25.05,-2.5499999999999972,-0.14999999999999858,32.19,9.83,35
41.922,-87.69,13.48,17.09,26.58,42.85,50.77,49.23,20.07,71.31,8.62,64072,24.03,25.2,24.22,26.56,31.86,68.14,26.16,48.78,25.05,16.290000000000003,18.910000000000004,-6.09,9.7033333333333349,36
41.953,-87.661,7.8,20.09,31.47,40.64,46.74,53.26,25.72,61.95,12.33,32795,24.03,25.2,24.22,26.56,31.86,68.14,26.16,48.78,25.05,14.080000000000002,14.880000000000003,-0.44000000000000128,9.5066666666666677,37
41.916,-87.641,17.91,14.19,34.47,33.43,45.54,54.46,33.99,57.25,8.76,28627,24.03,25.2,24.22,26.56,31.86,68.14,26.16,48.78,25.05,6.870000000000001,13.68,7.8300000000000018,9.46,38
41.893,-87.653,21.23,22.24,30.31,26.23,36.86,63.14,48.77,42.19,9.03,360974,24.03,25.2,24.22,26.56,31.86,68.14,26.16,48.78,25.05,-0.32999999999999829,5.0,22.610000000000003,9.0933333333333355,39
41.941,-87.676,13.35,14.87,40.37,31.4,52.4,47.6,27.67,64.69,7.64,16572,24.03,25.2,24.22,26.56,31.86,68.14,26.16,48.78,25.05,4.84,20.54,1.5100000000000016,8.9633333333333329,40
41.941,-87.686,12.75,14.6,31.71,40.94,52.9,47.1,17.58,72.01,10.41,15256,24.03,25.2,24.22,26.56,31.86,68.14,26.16,48.78,25.05,14.379999999999999,21.04,-8.5800000000000018,8.9466666666666672,41
41.936,-87.652,15.6,21.9,26.39,36.12,42.5,57.5,32.76,57.94,9.3,256169,24.03,25.2,24.22,26.56,31.86,68.14,26.16,48.78,25.05,9.5599999999999987,10.64,6.5999999999999979,8.9333333333333318,42
41.941,-87.681,9.18,15.28,34.72,40.81,48.0,52.0,22.47,69.73,7.81,22977,24.03,25.2,24.22,26.56,31.86,68.14,26.16,48.78,25.05,14.250000000000004,16.14,-3.6900000000000013,8.9,43
41.929,-87.666,15.88,18.1,33.45,32.57,44.67,55.33,33.32,57.62,9.06,107303,24.03,25.2,24.22,26.56,31.86,68.14,26.16,48.78,25.05,6.0100000000000016,12.810000000000002,7.16,8.6600000000000019,44
41.949,-87.662,9.94,19.07,30.65,40.33,44.04,55.96,26.11,63.35,10.53,78821,24.03,25.2,24.22,26.56,31.86,68.14,26.16,48.78,25.05,13.77,12.18,-0.050000000000000711,8.6333333333333329,45
41.929,-87.646,17.83,21.03,28.86,32.28,44.6,55.4,33.33,56.96,9.72,244883,24.03,25.2,24.22,26.56,31.86,68.14,26.16,48.78,25.05,5.7200000000000024,12.740000000000002,7.1699999999999982,8.5433333333333348,46
41.945,-87.662,10.13,21.29,34.8,33.78,46.33,53.67,30.0,61.55,8.46,66547,24.03,25.2,24.22,26.56,31.86,68.14,26.16,48.78,25.05,7.2200000000000024,14.469999999999999,3.84,8.51,47
41.802,-87.602,21.37,13.09,41.78,23.76,35.9,64.1,49.74,30.37,19.89,15399,24.03,25.2,24.22,26.56,31.86,68.14,26.16,48.78,25.05,-2.7999999999999972,4.0399999999999991,23.580000000000002,8.2733333333333352,48
41.935,-87.643,18.33,19.2,29.75,32.72,46.22,53.78,30.4,59.94,9.66,86300,24.03,25.2,24.22,26.56,31.86,68.14,26.16,48.78,25.05,6.16,14.36,4.2399999999999984,8.2533333333333321,49
41.938,-87.647,14.17,21.55,29.01,35.27,43.24,56.76,30.74,60.66,8.59,125658,24.03,25.2,24.22,26.56,31.86,68.14,26.16,48.78,25.05,8.7100000000000044,11.380000000000003,4.5799999999999983,8.2233333333333345,50
41.798,-87.594,15.58,20.97,41.16,22.29,31.33,68.67,55.4,27.84,16.76,107492,24.03,25.2,24.22,26.56,31.86,68.14,26.16,48.78,25.05,-4.27,-0.53000000000000114,29.24,8.1466666666666665,51
41.98,-87.671,10.15,22.86,32.33,34.66,43.0,57.0,29.99,57.74,12.27,103904,24.03,25.2,24.22,26.56,31.86,68.14,26.16,48.78,25.05,8.0999999999999979,11.14,3.8299999999999983,7.6899999999999986,52
41.965,-87.743,12.86,16.57,24.91,45.66,48.99,51.01,12.99,61.6,25.41,12832,24.03,25.2,24.22,26.56,31.86,68.14,26.16,48.78,25.05,19.099999999999998,17.130000000000003,-13.17,7.6866666666666674,53
41.798,-87.604,23.53,18.06,34.53,23.88,32.51,67.49,50.56,29.54,19.9,50463,24.03,25.2,24.22,26.56,31.86,68.14,26.16,48.78,25.05,-2.6799999999999997,0.64999999999999858,24.400000000000002,7.456666666666667,54
41.912,-87.675,6.8,16.18,38.4,38.62,45.3,54.7,21.87,70.99,7.14,59882,24.03,25.2,24.22,26.56,31.86,68.14,26.16,48.78,25.05,12.059999999999999,13.439999999999998,-4.2899999999999991,7.0699999999999994,55
41.915,-87.646,13.78,16.76,32.42,37.04,39.0,61.0,29.54,61.41,9.06,78788,24.03,25.2,24.22,26.56,31.86,68.14,26.16,48.78,25.05,10.48,7.1400000000000006,3.379999999999999,7.0,56
41.916,-87.684,13.32,16.96,33.82,35.89,46.16,53.84,23.27,68.5,8.24,64751,24.03,25.2,24.22,26.56,31.86,68.14,26.16,48.78,25.05,9.3300000000000018,14.299999999999997,-2.8900000000000006,6.9133333333333331,57
41.915,-87.632,17.63,21.07,30.42,30.88,40.94,59.06,33.39,57.75,8.86,466072,24.03,25.2,24.22,26.56,31.86,68.14,26.16,48.78,25.05,4.32,9.0799999999999983,7.23,6.876666666666666,58
41.898,-87.641,33.76,22.09,31.48,12.67,32.31,67.69,59.93,29.57,10.5,58745,24.03,25.2,24.22,26.56,31.86,68.14,26.16,48.78,25.05,-13.889999999999999,0.45000000000000284,33.769999999999996,6.7766666666666664,59
41.963,-87.684,9.73,17.08,33.4,39.8,42.42,57.58,22.29,67.16,10.55,43535,24.03,25.2,24.22,26.56,31.86,68.14,26.16,48.78,25.05,13.239999999999998,10.560000000000002,-3.870000000000001,6.6433333333333335,60
41.935,-87.647,15.43,21.99,32.38,30.2,41.07,58.93,33.01,57.75,9.25,143451,24.03,25.2,24.22,26.56,31.86,68.14,26.16,48.78,25.05,3.6400000000000006,9.21,6.8499999999999979,6.5666666666666664,61
41.893,-87.626,23.07,25.89,27.97,23.07,34.84,65.16,46.14,34.96,18.9,1358876,24.03,25.2,24.22,26.56,31.86,68.14,26.16,48.78,25.05,-3.4899999999999984,2.980000000000004,19.98,6.490000000000002,62
42.002,-87.674,22.78,23.34,18.5,35.38,41.2,58.8,27.43,48.68,23.89,84144,24.03,25.2,24.22,26.56,31.86,68.14,26.16,48.78,25.05,8.8200000000000038,9.3400000000000034,1.2699999999999996,6.4766666666666692,63
41.942,-87.661,11.76,19.57,37.28,31.39,40.33,59.67,32.12,59.61,8.27,43419,24.03,25.2,24.22,26.56,31.86,68.14,26.16,48.78,25.05,4.8300000000000018,8.4699999999999989,5.9599999999999973,6.419999999999999,64
41.922,-87.641,19.63,20.0,31.18,29.2,41.63,58.37,32.99,57.42,9.59,144171,24.03,25.2,24.22,26.56,31.86,68.14,26.16,48.78,25.05,2.6400000000000006,9.7700000000000031,6.8300000000000018,6.4133333333333349,65
41.951,-87.667,15.9,19.87,30.48,33.76,42.33,57.67,27.58,62.32,10.1,107622,24.03,25.2,24.22,26.56,31.86,68.14,26.16,48.78,25.05,7.1999999999999993,10.469999999999999,1.4199999999999982,6.3633333333333324,66
41.9,-87.632,29.01,22.46,27.52,21.0,35.26,64.74,46.16,41.86,11.98,365225,24.03,25.2,24.22,26.56,31.86,68.14,26.16,48.78,25.05,-5.5599999999999987,3.3999999999999986,19.999999999999996,5.9466666666666654,67
41.885,-87.643,22.38,23.29,30.45,23.88,28.81,71.19,49.42,37.31,13.27,924883,24.03,25.2,24.22,26.56,31.86,68.14,26.16,48.78,25.05,-2.6799999999999997,-3.0500000000000007,23.26,5.8433333333333337,68
41.906,-87.675,14.03,19.76,28.65,37.56,44.21,55.79,19.95,71.26,8.79,344260,24.03,25.2,24.22,26.56,31.86,68.14,26.16,48.78,25.05,11.000000000000004,12.350000000000001,-6.2100000000000009,5.7133333333333347,69
41.945,-87.669,15.38,22.35,31.97,30.3,42.12,57.88,29.23,61.12,9.65,116146,24.03,25.2,24.22,26.56,31.86,68.14,26.16,48.78,25.05,3.740000000000002,10.259999999999998,3.0700000000000003,5.69,70
41.903,-87.626,23.11,24.26,28.51,24.12,38.63,61.37,38.89,46.91,14.2,236211,24.03,25.2,24.22,26.56,31.86,68.14,26.16,48.78,25.05,-2.4399999999999977,6.7700000000000031,12.73,5.6866666666666683,71
41.921,-87.695,15.29,19.19,29.93,35.59,44.72,55.28,21.08,70.0,8.91,101132,24.03,25.2,24.22,26.56,31.86,68.14,26.16,48.78,25.05,9.0300000000000047,12.86,-5.0800000000000018,5.6033333333333344,72
41.958,-87.676,11.86,19.58,36.22,32.33,43.45,56.55,25.56,64.67,9.77,48010,24.03,25.2,24.22,26.56,31.86,68.14,26.16,48.78,25.05,5.77,11.590000000000003,-0.60000000000000142,5.5866666666666669,73
41.877,-87.622,18.9,30.3,27.71,23.09,32.49,67.51,45.53,36.26,18.21,700488,24.03,25.2,24.22,26.56,31.86,68.14,26.16,48.78,25.05,-3.4699999999999989,0.63000000000000256,19.37,5.5100000000000016,74
41.892,-87.675,14.96,20.98,29.16,34.9,41.78,58.22,24.33,66.7,8.97,67874,24.03,25.2,24.22,26.56,31.86,68.14,26.16,48.78,25.05,8.34,9.9200000000000017,-1.8300000000000018,5.4766666666666666,75
41.902,-87.638,28.6,24.2,29.34,17.86,34.61,65.39,48.09,40.4,11.52,204256,24.03,25.2,24.22,26.56,31.86,68.14,26.16,48.78,25.05,-8.7,2.75,21.930000000000003,5.326666666666668,76
41.929,-87.661,19.69,18.92,34.15,27.25,40.18,59.82,33.12,56.48,10.4,79689,24.03,25.2,24.22,26.56,31.86,68.14,26.16,48.78,25.05,0.69000000000000128,8.32,6.9599999999999973,5.3233333333333333,77
41.915,-87.654,14.2,24.52,32.4,28.88,39.06,60.94,32.45,59.4,8.15,290534,24.03,25.2,24.22,26.56,31.86,68.14,26.16,48.78,25.05,2.3200000000000003,7.2000000000000028,6.2900000000000027,5.2700000000000022,78
41.79,-87.601,8.13,22.41,43.7,25.75,19.89,80.11,54.62,26.61,18.77,481846,24.03,25.2,24.22,26.56,31.86,68.14,26.16,48.78,25.05,-0.80999999999999872,-11.969999999999999,28.459999999999997,5.2266666666666666,79
41.928,-87.695,16.35,15.35,32.58,35.72,44.32,55.68,20.03,72.01,7.96,31313,24.03,25.2,24.22,26.56,31.86,68.14,26.16,48.78,25.05,9.16,12.46,-6.129999999999999,5.163333333333334,80
41.951,-87.671,17.77,20.06,32.72,29.45,44.11,55.89,26.09,62.54,11.37,45195,24.03,25.2,24.22,26.56,31.86,68.14,26.16,48.78,25.05,2.8900000000000006,12.25,-0.070000000000000284,5.0233333333333334,81
41.958,-87.672,14.47,21.19,33.32,31.02,42.36,57.64,26.18,63.92,9.9,48163,24.03,25.2,24.22,26.56,31.86,68.14,26.16,48.78,25.05,4.4600000000000009,10.5,0.019999999999999574,4.9933333333333332,82
41.95,-87.644,19.84,22.19,26.37,31.61,40.98,59.02,26.62,61.89,11.49,247122,24.03,25.2,24.22,26.56,31.86,68.14,26.16,48.78,25.05,5.0500000000000007,9.1199999999999974,0.46000000000000085,4.876666666666666,83
41.916,-87.7,15.62,13.65,38.27,32.46,43.78,56.22,22.36,69.36,8.28,13769,24.03,25.2,24.22,26.56,31.86,68.14,26.16,48.78,25.05,5.9000000000000021,11.920000000000002,-3.8000000000000007,4.6733333333333347,84
41.934,-87.722,22.34,19.07,23.28,35.31,46.5,53.5,16.75,71.13,12.12,34664,24.03,25.2,24.22,26.56,31.86,68.14,26.16,48.78,25.05,8.7500000000000036,14.64,-9.41,4.660000000000001,85
41.912,-87.684,15.94,18.36,31.16,34.54,43.08,56.92,20.52,69.27,10.2,116530,24.03,25.2,24.22,26.56,31.86,68.14,26.16,48.78,25.05,7.98,11.219999999999999,-5.6400000000000006,4.52,86
41.892,-87.613,19.66,28.84,31.37,20.13,37.63,62.37,40.27,46.26,13.48,491860,24.03,25.2,24.22,26.56,31.86,68.14,26.16,48.78,25.05,-6.43,5.7700000000000031,14.110000000000003,4.4833333333333352,87
41.908,-87.671,13.36,22.33,31.06,33.25,43.66,56.34,20.93,70.59,8.48,192180,24.03,25.2,24.22,26.56,31.86,68.14,26.16,48.78,25.05,6.6900000000000013,11.799999999999997,-5.23,4.419999999999999,88
41.871,-87.631,29.0,23.65,26.2,21.16,34.47,65.53,42.12,44.75,13.13,480680,24.03,25.2,24.22,26.56,31.86,68.14,26.16,48.78,25.05,-5.3999999999999986,2.6099999999999994,15.959999999999997,4.39,89
41.905,-87.65,17.52,25.51,29.1,27.88,33.36,66.64,36.03,54.08,9.89,466961,24.03,25.2,24.22,26.56,31.86,68.14,26.16,48.78,25.05,1.3200000000000003,1.5,9.870000000000001,4.23,90
41.92,-87.68,18.11,18.58,30.49,32.82,41.15,58.85,23.29,67.73,8.98,99405,24.03,25.2,24.22,26.56,31.86,68.14,26.16,48.78,25.05,6.2600000000000016,9.29,-2.870000000000001,4.2266666666666666,91
41.942,-87.666,11.13,22.36,42.74,23.77,41.26,58.74,32.18,59.84,7.99,43922,24.03,25.2,24.22,26.56,31.86,68.14,26.16,48.78,25.05,-2.7899999999999991,9.3999999999999986,6.02,4.21,92
41.905,-87.702,15.89,23.77,24.74,35.6,41.2,58.8,20.21,70.37,9.41,33353,24.03,25.2,24.22,26.56,31.86,68.14,26.16,48.78,25.05,9.0400000000000027,9.3400000000000034,-5.9499999999999993,4.1433333333333353,93
41.892,-87.665,22.45,19.87,29.48,28.2,38.98,61.02,29.57,61.61,8.82,108430,24.03,25.2,24.22,26.56,31.86,68.14,26.16,48.78,25.05,1.6400000000000006,7.1199999999999974,3.41,4.0566666666666658,94
41.798,-87.59,18.89,22.96,38.85,19.3,30.56,69.44,46.79,34.21,19.0,193413,24.03,25.2,24.22,26.56,31.86,68.14,26.16,48.78,25.05,-7.259999999999998,-1.3000000000000007,20.63,4.0233333333333334,95
41.885,-87.621,24.15,28.2,28.27,19.38,30.82,69.18,46.16,32.67,21.17,1897422,24.03,25.2,24.22,26.56,31.86,68.14,26.16,48.78,25.05,-7.18,-1.0399999999999991,19.999999999999996,3.9266666666666659,96
41.98,-87.664,15.95,24.45,29.43,30.17,40.01,59.99,26.04,55.99,17.97,108865,24.03,25.2,24.22,26.56,31.86,68.14,26.16,48.78,25.05,3.610000000000003,8.1499999999999986,-0.120000000000001,3.8800000000000003,97
41.951,-87.676,14.78,24.26,31.67,29.29,40.89,59.11,26.03,64.44,9.53,68027,24.03,25.2,24.22,26.56,31.86,68.14,26.16,48.78,25.05,2.7300000000000004,9.0300000000000011,-0.129999999999999,3.8766666666666674,98
41.912,-87.67,18.94,16.5,35.31,29.24,45.38,54.62,21.49,69.81,8.7,23860,24.03,25.2,24.22,26.56,31.86,68.14,26.16,48.78,25.05,2.6799999999999997,13.520000000000003,-4.6700000000000017,3.8433333333333337,99
41.958,-87.66,19.47,24.14,25.17,31.21,35.82,64.18,28.74,56.75,14.51,203168,24.03,25.2,24.22,26.56,31.86,68.14,26.16,48.78,25.05,4.6500000000000021,3.9600000000000009,2.5799999999999983,3.7300000000000004,100
41.941,-87.671,11.54,24.45,38.62,25.39,39.44,60.56,30.8,61.72,7.48,55297,24.03,25.2,24.22,26.56,31.86,68.14,26.16,48.78,25.05,-1.1699999999999982,7.5799999999999983,4.6400000000000006,3.6833333333333336,101
41.922,-87.656,15.75,23.9,32.71,27.65,35.58,64.42,32.11,57.91,9.98,124763,24.03,25.2,24.22,26.56,31.86,68.14,26.16,48.78,25.05,1.0899999999999999,3.7199999999999989,5.9499999999999993,3.586666666666666,102
41.921,-87.71,19.71,17.97,28.32,34.0,41.94,58.06,19.22,71.37,9.41,74952,24.03,25.2,24.22,26.56,31.86,68.14,26.16,48.78,25.05,7.4400000000000013,10.079999999999998,-6.9400000000000013,3.526666666666666,103
41.973,-87.664,19.94,22.26,26.24,31.57,39.46,60.54,23.96,58.88,17.16,150943,24.03,25.2,24.22,26.56,31.86,68.14,26.16,48.78,25.05,5.0100000000000016,7.6000000000000014,-2.1999999999999993,3.4700000000000011,104
41.856,-87.66,22.12,18.98,19.46,39.43,39.73,60.27,15.8,68.7,15.5,156023,24.03,25.2,24.22,26.56,31.86,68.14,26.16,48.78,25.05,12.870000000000001,7.8699999999999974,-10.36,3.4599999999999995,105
41.946,-87.647,11.71,27.58,31.21,29.5,41.22,58.78,23.89,65.37,10.74,55604,24.03,25.2,24.22,26.56,31.86,68.14,26.16,48.78,25.05,2.9400000000000013,9.36,-2.2699999999999996,3.3433333333333337,106
41.893,-87.66,24.59,21.68,30.24,23.49,34.79,65.21,36.23,55.35,8.42,114630,24.03,25.2,24.22,26.56,31.86,68.14,26.16,48.78,25.05,-3.0700000000000003,2.9299999999999997,10.069999999999997,3.3099999999999987,107
41.871,-87.622,30.82,24.49,25.53,19.16,33.17,66.83,41.81,38.6,19.59,644256,24.03,25.2,24.22,26.56,31.86,68.14,26.16,48.78,25.05,-7.3999999999999986,1.3100000000000023,15.650000000000002,3.1866666666666688,108
41.891,-87.619,25.53,26.18,28.06,20.23,33.6,66.4,40.17,39.52,20.31,1131190,24.03,25.2,24.22,26.56,31.86,68.14,26.16,48.78,25.05,-6.3299999999999983,1.740000000000002,14.010000000000002,3.1400000000000019,109
41.967,-87.671,17.38,22.73,35.44,24.45,38.7,61.3,30.82,57.51,11.67,38430,24.03,25.2,24.22,26.56,31.86,68.14,26.16,48.78,25.05,-2.1099999999999994,6.8400000000000034,4.66,3.1300000000000012,110
41.929,-87.636,21.14,22.82,31.09,24.95,42.33,57.67,26.66,63.49,9.85,164288,24.03,25.2,24.22,26.56,31.86,68.14,26.16,48.78,25.05,-1.6099999999999994,10.469999999999999,0.5,3.1199999999999997,111
41.916,-87.692,16.87,18.1,34.17,30.86,42.86,57.14,20.05,70.09,9.86,70751,24.03,25.2,24.22,26.56,31.86,68.14,26.16,48.78,25.05,4.3000000000000007,11.0,-6.1099999999999994,3.0633333333333339,112
41.9,-87.68,20.37,18.28,29.1,32.25,42.36,57.64,19.15,71.84,9.01,92456,24.03,25.2,24.22,26.56,31.86,68.14,26.16,48.78,25.05,5.6900000000000013,10.5,-7.0100000000000016,3.06,113
41.791,-87.594,9.02,24.91,41.64,24.42,20.39,79.61,48.89,19.96,31.15,84917,24.03,25.2,24.22,26.56,31.86,68.14,26.16,48.78,25.05,-2.139999999999997,-11.469999999999999,22.73,3.0400000000000014,114
41.953,-87.653,25.03,21.9,27.95,25.12,40.09,59.91,28.41,60.02,11.57,105977,24.03,25.2,24.22,26.56,31.86,68.14,26.16,48.78,25.05,-1.4399999999999977,8.230000000000004,2.25,3.0133333333333354,115
41.944,-87.656,25.53,20.19,13.25,41.03,30.34,69.66,22.15,52.04,25.8,1108977,24.03,25.2,24.22,26.56,31.86,68.14,26.16,48.78,25.05,14.470000000000002,-1.5199999999999996,-4.0100000000000016,2.9800000000000004,116
41.934,-87.712,19.81,20.07,27.63,32.49,43.27,56.73,17.73,70.76,11.52,51605,24.03,25.2,24.22,26.56,31.86,68.14,26.16,48.78,25.05,5.9300000000000033,11.410000000000004,-8.43,2.9700000000000024,117
41.899,-87.626,21.76,28.01,30.39,19.85,32.67,67.33,40.97,43.45,15.57,685778,24.03,25.2,24.22,26.56,31.86,68.14,26.16,48.78,25.05,-6.7099999999999973,0.81000000000000227,14.809999999999999,2.9700000000000011,118
41.855,-87.655,24.09,15.94,26.42,33.55,43.41,56.59,16.46,70.23,13.31,23499,24.03,25.2,24.22,26.56,31.86,68.14,26.16,48.78,25.05,6.9899999999999984,11.549999999999997,-9.7,2.9466666666666654,119
41.794,-87.592,25.61,25.06,17.84,31.49,27.38,72.62,34.53,37.89,27.58,433307,24.03,25.2,24.22,26.56,31.86,68.14,26.16,48.78,25.05,4.93,-4.48,8.370000000000001,2.94,120
41.996,-87.794,23.89,21.15,23.59,31.37,41.67,58.33,19.79,50.89,29.32,21804,24.03,25.2,24.22,26.56,31.86,68.14,26.16,48.78,25.05,4.8100000000000023,9.8100000000000023,-6.370000000000001,2.7500000000000013,121
41.921,-87.685,18.68,16.61,34.29,30.41,41.68,58.32,20.73,69.73,9.54,60346,24.03,25.2,24.22,26.56,31.86,68.14,26.16,48.78,25.05,3.8500000000000014,9.82,-5.43,2.7466666666666675,122
41.9,-87.675,22.29,20.48,27.17,30.06,43.78,56.22,18.98,71.9,9.12,145390,24.03,25.2,24.22,26.56,31.86,68.14,26.16,48.78,25.05,3.5,11.920000000000002,-7.18,2.7466666666666675,122
41.972,-87.671,18.69,23.45,29.52,28.34,39.65,60.35,24.79,59.89,15.32,97424,24.03,25.2,24.22,26.56,31.86,68.14,26.16,48.78,25.05,1.7800000000000011,7.7899999999999991,-1.370000000000001,2.7333333333333329,124
41.857,-87.652,25.91,17.82,24.18,32.08,42.23,57.77,18.2,67.35,14.45,14920,24.03,25.2,24.22,26.56,31.86,68.14,26.16,48.78,25.05,5.52,10.369999999999997,-7.9600000000000009,2.6433333333333322,125
41.913,-87.641,19.23,19.47,41.81,19.5,42.54,57.46,30.46,60.87,8.67,20302,24.03,25.2,24.22,26.56,31.86,68.14,26.16,48.78,25.05,-7.0599999999999987,10.68,4.3000000000000007,2.6400000000000006,126
41.936,-87.704,23.48,18.82,27.04,30.66,42.58,57.42,19.02,71.88,9.1,52502,24.03,25.2,24.22,26.56,31.86,68.14,26.16,48.78,25.05,4.1000000000000014,10.719999999999999,-7.1400000000000006,2.56,127
41.899,-87.689,20.43,17.75,29.13,32.7,40.71,59.29,18.78,72.22,9.0,63381,24.03,25.2,24.22,26.56,31.86,68.14,26.16,48.78,25.05,6.1400000000000041,8.8500000000000014,-7.379999999999999,2.5366666666666688,128
41.926,-87.712,14.77,23.22,30.96,31.05,43.85,56.15,17.11,73.47,9.42,14734,24.03,25.2,24.22,26.56,31.86,68.14,26.16,48.78,25.05,4.490000000000002,11.990000000000002,-9.05,2.4766666666666679,129
41.9,-87.665,23.8,21.32,26.67,28.21,40.85,59.15,22.91,67.56,9.53,148653,24.03,25.2,24.22,26.56,31.86,68.14,26.16,48.78,25.05,1.6500000000000021,8.990000000000002,-3.25,2.4633333333333347,130
41.912,-87.69,18.12,18.24,39.35,24.29,46.04,53.96,21.44,69.59,8.97,21891,24.03,25.2,24.22,26.56,31.86,68.14,26.16,48.78,25.05,-2.2699999999999996,14.18,-4.7199999999999989,2.3966666666666669,131
41.967,-87.684,12.35,25.4,33.81,28.44,40.14,59.86,22.85,64.56,12.58,64031,24.03,25.2,24.22,26.56,31.86,68.14,26.16,48.78,25.05,1.8800000000000026,8.2800000000000011,-3.3099999999999987,2.283333333333335,132
41.945,-87.686,16.29,17.56,39.13,27.02,43.21,56.79,21.01,70.15,8.84,9019,24.03,25.2,24.22,26.56,31.86,68.14,26.16,48.78,25.05,0.46000000000000085,11.350000000000001,-5.1499999999999986,2.2200000000000011,133
41.892,-87.679,18.39,21.69,33.07,26.85,40.25,59.75,23.97,67.66,8.37,52839,24.03,25.2,24.22,26.56,31.86,68.14,26.16,48.78,25.05,0.2900000000000027,8.39,-2.1900000000000013,2.163333333333334,134
41.892,-87.67,19.18,21.95,30.67,28.19,36.69,63.31,25.82,65.1,9.09,75633,24.03,25.2,24.22,26.56,31.86,68.14,26.16,48.78,25.05,1.6300000000000026,4.8299999999999983,-0.33999999999999986,2.0400000000000005,135
41.931,-87.642,21.04,25.3,31.11,22.56,40.02,59.98,28.03,61.07,10.9,134562,24.03,25.2,24.22,26.56,31.86,68.14,26.16,48.78,25.05,-4.0,8.1600000000000037,1.870000000000001,2.0100000000000016,136
41.965,-87.663,25.59,23.21,25.26,25.94,37.4,62.6,27.27,56.72,16.01,131941,24.03,25.2,24.22,26.56,31.86,68.14,26.16,48.78,25.05,-0.61999999999999744,5.5399999999999991,1.1099999999999994,2.0100000000000002,137
41.922,-87.664,13.21,25.86,32.39,28.53,35.63,64.37,26.3,64.94,8.75,219951,24.03,25.2,24.22,26.56,31.86,68.14,26.16,48.78,25.05,1.9700000000000024,3.7700000000000031,0.14000000000000057,1.960000000000002,138
41.935,-87.693,16.9,22.84,27.98,32.28,38.88,61.12,18.64,71.39,9.97,58532,24.03,25.2,24.22,26.56,31.86,68.14,26.16,48.78,25.05,5.7200000000000024,7.0200000000000031,-7.52,1.740000000000002,139
41.879,-87.657,27.81,24.56,28.72,18.92,32.53,67.47,38.23,48.29,13.47,527153,24.03,25.2,24.22,26.56,31.86,68.14,26.16,48.78,25.05,-7.639999999999997,0.67000000000000171,12.069999999999997,1.7000000000000004,140
41.937,-87.71,16.98,19.28,31.46,32.28,41.83,58.17,15.5,73.61,10.89,31398,24.03,25.2,24.22,26.56,31.86,68.14,26.16,48.78,25.05,5.7200000000000024,9.9699999999999989,-10.66,1.676666666666667,141
41.879,-87.672,15.71,21.2,21.93,41.16,28.67,71.33,19.77,64.19,16.04,244832,24.03,25.2,24.22,26.56,31.86,68.14,26.16,48.78,25.05,14.599999999999998,-3.1899999999999977,-6.3900000000000006,1.6733333333333331,142
41.881,-87.633,20.48,30.53,30.81,18.18,22.34,77.66,49.07,32.46,18.47,2465932,24.03,25.2,24.22,26.56,31.86,68.14,26.16,48.78,25.05,-8.379999999999999,-9.52,22.91,1.6700000000000006,143
41.922,-87.634,17.29,28.93,30.52,23.27,39.52,60.48,26.75,64.46,8.79,274488,24.03,25.2,24.22,26.56,31.86,68.14,26.16,48.78,25.05,-3.2899999999999991,7.6600000000000037,0.58999999999999986,1.6533333333333349,144
41.963,-87.67,19.58,21.95,35.06,23.41,38.21,61.79,27.88,59.19,12.93,46286,24.03,25.2,24.22,26.56,31.86,68.14,26.16,48.78,25.05,-3.1499999999999986,6.3500000000000014,1.7199999999999989,1.6400000000000006,145
41.908,-87.627,30.21,23.98,28.94,16.87,34.49,65.51,37.98,49.05,12.98,241830,24.03,25.2,24.22,26.56,31.86,68.14,26.16,48.78,25.05,-9.6899999999999977,2.6300000000000026,11.819999999999997,1.5866666666666671,146
41.899,-87.684,20.11,22.36,27.08,30.45,38.88,61.12,19.92,71.32,8.76,89860,24.03,25.2,24.22,26.56,31.86,68.14,26.16,48.78,25.05,3.8900000000000006,7.0200000000000031,-6.2399999999999984,1.5566666666666684,147
41.834,-87.633,5.05,19.95,28.83,46.17,35.75,64.25,7.04,70.4,22.56,36226,24.03,25.2,24.22,26.56,31.86,68.14,26.16,48.78,25.05,19.610000000000003,3.8900000000000006,-19.12,1.4600000000000009,148
41.907,-87.641,27.68,25.27,28.8,18.24,35.86,64.14,34.55,52.14,13.31,106798,24.03,25.2,24.22,26.56,31.86,68.14,26.16,48.78,25.05,-8.32,4.0,8.389999999999997,1.3566666666666656,149
41.937,-87.722,24.68,19.23,24.74,31.35,41.81,58.19,15.22,71.65,13.12,37960,24.03,25.2,24.22,26.56,31.86,68.14,26.16,48.78,25.05,4.7900000000000027,9.9500000000000028,-10.94,1.2666666666666686,150
41.886,-87.672,15.22,23.02,30.2,31.57,31.9,68.1,24.85,62.89,12.25,42215,24.03,25.2,24.22,26.56,31.86,68.14,26.16,48.78,25.05,5.0100000000000016,0.039999999999999147,-1.3099999999999987,1.2466666666666673,151
41.923,-87.649,25.32,21.15,14.23,39.3,30.12,69.88,18.87,51.45,29.68,579455,24.03,25.2,24.22,26.56,31.86,68.14,26.16,48.78,25.05,12.739999999999998,-1.7399999999999984,-7.2899999999999991,1.236666666666667,152
41.994,-87.673,28.17,23.4,24.62,23.81,37.79,62.21,26.61,50.46,22.93,25097,24.03,25.2,24.22,26.56,31.86,68.14,26.16,48.78,25.05,-2.75,5.93,0.44999999999999929,1.2099999999999997,153
41.856,-87.665,19.99,22.47,29.01,28.53,41.48,58.52,18.15,66.75,15.09,13700,24.03,25.2,24.22,26.56,31.86,68.14,26.16,48.78,25.05,1.9700000000000024,9.6199999999999974,-8.0100000000000016,1.1933333333333327,154
41.921,-87.715,23.82,22.11,27.39,26.67,43.42,56.58,18.04,71.89,10.07,18070,24.03,25.2,24.22,26.56,31.86,68.14,26.16,48.78,25.05,0.11000000000000298,11.560000000000002,-8.120000000000001,1.1833333333333347,155
41.958,-87.667,20.03,26.16,33.17,20.64,40.19,59.81,26.99,60.39,12.62,38584,24.03,25.2,24.22,26.56,31.86,68.14,26.16,48.78,25.05,-5.9199999999999982,8.3299999999999983,0.82999999999999829,1.0799999999999994,156
41.851,-87.635,13.06,28.97,31.5,26.46,41.02,58.98,20.3,66.59,13.1,283600,24.03,25.2,24.22,26.56,31.86,68.14,26.16,48.78,25.05,-0.099999999999997868,9.1600000000000037,-5.8599999999999994,1.0666666666666689,157
41.801,-87.585,23.11,26.8,33.19,16.89,28.89,71.11,41.95,40.19,17.87,107134,24.03,25.2,24.22,26.56,31.86,68.14,26.16,48.78,25.05,-9.6699999999999982,-2.9699999999999989,15.790000000000003,1.0500000000000018,158
41.929,-87.712,18.38,22.12,30.08,29.42,39.59,60.41,18.18,71.78,10.04,117109,24.03,25.2,24.22,26.56,31.86,68.14,26.16,48.78,25.05,2.860000000000003,7.730000000000004,-7.98,0.87000000000000222,159
41.869,-87.664,28.27,21.92,26.7,23.11,36.18,63.82,27.79,57.39,14.82,61480,24.03,25.2,24.22,26.56,31.86,68.14,26.16,48.78,25.05,-3.4499999999999993,4.32,1.629999999999999,0.83333333333333337,160
41.909,-87.631,28.04,26.06,32.43,13.47,34.84,65.16,38.36,51.37,10.27,106632,24.03,25.2,24.22,26.56,31.86,68.14,26.16,48.78,25.05,-13.089999999999998,2.980000000000004,12.2,0.69666666666666843,161
41.898,-87.621,26.96,28.01,28.22,16.81,34.1,65.9,35.72,45.17,19.12,528911,24.03,25.2,24.22,26.56,31.86,68.14,26.16,48.78,25.05,-9.75,2.240000000000002,9.5599999999999987,0.68333333333333357,162
41.9,-87.67,21.63,21.02,30.9,26.45,38.6,61.4,21.53,69.1,9.37,159561,24.03,25.2,24.22,26.56,31.86,68.14,26.16,48.78,25.05,-0.10999999999999943,6.740000000000002,-4.629999999999999,0.66666666666666785,163
41.958,-87.653,25.76,26.36,25.77,22.11,35.82,64.18,28.65,59.46,11.89,213545,24.03,25.2,24.22,26.56,31.86,68.14,26.16,48.78,25.05,-4.4499999999999993,3.9600000000000009,2.4899999999999984,0.66666666666666663,164
41.958,-87.684,17.54,22.89,31.83,27.75,36.95,63.05,21.79,64.7,13.51,82250,24.03,25.2,24.22,26.56,31.86,68.14,26.16,48.78,25.05,1.1900000000000013,5.0900000000000034,-4.370000000000001,0.63666666666666794,165
41.923,-87.699,26.6,22.71,16.02,34.66,30.24,69.76,21.41,59.98,18.61,855739,24.03,25.2,24.22,26.56,31.86,68.14,26.16,48.78,25.05,8.0999999999999979,-1.620000000000001,-4.75,0.57666666666666566,166
41.938,-87.639,23.82,23.49,30.57,22.12,39.26,60.74,24.9,63.52,11.58,217504,24.03,25.2,24.22,26.56,31.86,68.14,26.16,48.78,25.05,-4.4399999999999977,7.3999999999999986,-1.2600000000000016,0.56666666666666643,167
41.943,-87.718,19.88,24.03,26.32,29.78,38.01,61.99,18.48,68.85,12.68,123099,24.03,25.2,24.22,26.56,31.86,68.14,26.16,48.78,25.05,3.2200000000000024,6.1499999999999986,-7.68,0.5633333333333338,168
41.943,-87.643,23.64,23.11,31.19,22.07,39.04,60.96,24.95,63.19,11.86,111224,24.03,25.2,24.22,26.56,31.86,68.14,26.16,48.78,25.05,-4.4899999999999984,7.18,-1.2100000000000009,0.49333333333333346,169
41.847,-87.664,17.04,29.39,25.59,27.99,39.19,60.81,18.84,65.31,15.85,88150,24.03,25.2,24.22,26.56,31.86,68.14,26.16,48.78,25.05,1.4299999999999997,7.3299999999999983,-7.32,0.47999999999999926,170
41.983,-87.682,20.43,24.57,31.49,23.51,38.86,61.14,23.38,56.32,20.3,45036,24.03,25.2,24.22,26.56,31.86,68.14,26.16,48.78,25.05,-3.0499999999999972,7.0,-2.7800000000000011,0.39000000000000057,171
42.01,-87.67,30.87,22.65,15.67,30.81,28.97,71.03,25.91,49.39,24.7,470818,24.03,25.2,24.22,26.56,31.86,68.14,26.16,48.78,25.05,4.25,-2.8900000000000006,-0.25,0.36999999999999983,172
42.008,-87.814,25.11,24.11,19.09,31.69,34.5,65.5,19.48,57.31,23.2,65544,24.03,25.2,24.22,26.56,31.86,68.14,26.16,48.78,25.05,5.1300000000000026,2.6400000000000006,-6.68,0.36333333333333445,173
41.872,-87.654,24.99,26.98,29.57,18.46,32.94,67.06,34.18,53.54,12.28,99088,24.03,25.2,24.22,26.56,31.86,68.14,26.16,48.78,25.05,-8.0999999999999979,1.0799999999999983,8.02,0.33333333333333331,174
41.979,-87.797,24.93,23.95,19.68,31.44,39.68,60.32,14.45,58.72,26.83,11183,24.03,25.2,24.22,26.56,31.86,68.14,26.16,48.78,25.05,4.8800000000000026,7.82,-11.71,0.33000000000000068,175
41.973,-87.657,22.21,25.79,25.46,26.54,36.26,63.74,22.69,59.1,18.21,119636,24.03,25.2,24.22,26.56,31.86,68.14,26.16,48.78,25.05,-0.019999999999999574,4.3999999999999986,-3.4699999999999989,0.3033333333333334,176
41.783,-87.594,17.88,23.35,41.11,17.66,26.32,73.68,41.47,27.95,30.57,61773,24.03,25.2,24.22,26.56,31.86,68.14,26.16,48.78,25.05,-8.8999999999999986,-5.5399999999999991,15.309999999999999,0.29000000000000031,177
41.966,-87.656,30.04,22.02,13.79,34.15,28.31,71.69,22.76,53.21,24.03,430256,24.03,25.2,24.22,26.56,31.86,68.14,26.16,48.78,25.05,7.59,-3.5500000000000007,-3.3999999999999986,0.21333333333333351,178
41.85,-87.668,25.33,21.92,16.85,35.91,32.54,67.46,16.76,58.94,24.29,401617,24.03,25.2,24.22,26.56,31.86,68.14,26.16,48.78,25.05,9.3499999999999979,0.67999999999999972,-9.3999999999999986,0.20999999999999966,179
41.87,-87.659,28.64,24.83,27.84,18.7,36.06,63.94,30.03,56.58,13.39,23431,24.03,25.2,24.22,26.56,31.86,68.14,26.16,48.78,25.05,-7.8599999999999994,4.2000000000000028,3.870000000000001,0.070000000000001464,180
41.907,-87.681,21.2,16.88,37.83,24.1,43.09,56.91,17.47,73.85,8.67,29439,24.03,25.2,24.22,26.56,31.86,68.14,26.16,48.78,25.05,-2.4599999999999973,11.230000000000004,-8.6900000000000013,0.026666666666668466,181
41.901,-87.676,25.3,22.05,15.71,36.95,29.88,70.12,17.78,59.13,23.08,971073,24.03,25.2,24.22,26.56,31.86,68.14,26.16,48.78,25.05,10.390000000000004,-1.9800000000000004,-8.379999999999999,0.010000000000001563,182
41.802,-87.594,36.62,14.22,33.59,15.57,30.38,69.62,38.61,34.51,26.88,13224,24.03,25.2,24.22,26.56,31.86,68.14,26.16,48.78,25.05,-10.989999999999998,-1.4800000000000004,12.45,-0.0066666666666665248,183
41.936,-87.676,19.97,20.77,41.15,18.11,41.61,58.39,24.37,63.45,12.17,23735,24.03,25.2,24.22,26.56,31.86,68.14,26.16,48.78,25.05,-8.45,9.75,-1.7899999999999991,-0.1633333333333328,184
41.695,-87.713,23.35,26.61,18.81,31.24,35.23,64.77,17.6,50.66,31.74,84739,24.03,25.2,24.22,26.56,31.86,68.14,26.16,48.78,25.05,4.68,3.3699999999999974,-8.5599999999999987,-0.17000000000000051,185
41.842,-87.634,24.05,22.67,21.03,32.25,31.66,68.34,20.14,49.32,30.54,142102,24.03,25.2,24.22,26.56,31.86,68.14,26.16,48.78,25.05,5.6900000000000013,-0.19999999999999929,-6.02,-0.17666666666666586,186
41.9,-87.633,19.37,19.21,16.56,44.87,32.01,67.99,7.1,46.01,46.9,1259877,24.03,25.2,24.22,26.56,31.86,68.14,26.16,48.78,25.05,18.31,0.14999999999999858,-19.060000000000002,-0.20000000000000165,187
41.929,-87.685,15.65,26.99,31.0,26.35,34.25,65.75,23.32,68.36,8.32,155855,24.03,25.2,24.22,26.56,31.86,68.14,26.16,48.78,25.05,-0.2099999999999973,2.3900000000000006,-2.84,-0.21999999999999886,188
41.99,-87.783,26.66,20.58,22.47,30.28,39.44,60.56,14.2,57.96,27.84,14880,24.03,25.2,24.22,26.56,31.86,68.14,26.16,48.78,25.05,3.7200000000000024,7.5799999999999983,-11.96,-0.22000000000000006,189
41.797,-87.582,32.54,22.58,29.78,15.1,30.54,69.46,38.22,31.81,29.97,69850,24.03,25.2,24.22,26.56,31.86,68.14,26.16,48.78,25.05,-11.459999999999999,-1.3200000000000003,12.059999999999999,-0.24000000000000021,190
41.98,-87.694,33.63,23.22,18.87,24.28,37.93,62.07,21.46,56.06,22.49,57866,24.03,25.2,24.22,26.56,31.86,68.14,26.16,48.78,25.05,-2.2799999999999976,6.07,-4.6999999999999993,-0.30333333333333218,191
41.929,-87.674,17.52,28.57,34.42,19.5,38.38,61.62,25.7,64.79,9.51,104162,24.03,25.2,24.22,26.56,31.86,68.14,26.16,48.78,25.05,-7.0599999999999987,6.5200000000000031,-0.46000000000000085,-0.33333333333333215,192
41.919,-87.671,17.94,24.91,37.85,19.29,36.21,63.79,28.05,64.57,7.38,168285,24.03,25.2,24.22,26.56,31.86,68.14,26.16,48.78,25.05,-7.27,4.3500000000000014,1.8900000000000006,-0.34333333333333255,193
41.879,-87.643,27.09,30.84,26.74,15.32,27.31,72.69,40.8,43.0,16.2,904597,24.03,25.2,24.22,26.56,31.86,68.14,26.16,48.78,25.05,-11.239999999999998,-4.5500000000000007,14.639999999999997,-0.383333333333334,194
41.996,-87.656,24.03,29.29,25.98,20.7,37.8,62.2,24.52,48.22,27.26,20550,24.03,25.2,24.22,26.56,31.86,68.14,26.16,48.78,25.05,-5.8599999999999994,5.9399999999999977,-1.6400000000000006,-0.52000000000000079,195
41.987,-87.672,22.17,25.45,32.23,20.14,38.91,61.09,23.81,54.86,21.33,36586,24.03,25.2,24.22,26.56,31.86,68.14,26.16,48.78,25.05,-6.4199999999999982,7.0499999999999972,-2.3500000000000014,-0.57333333333333414,196
41.939,-87.711,27.57,22.88,16.2,33.36,29.05,70.95,20.36,62.21,17.43,352273,24.03,25.2,24.22,26.56,31.86,68.14,26.16,48.78,25.05,6.8000000000000007,-2.8099999999999987,-5.8000000000000007,-0.60333333333333294,197
41.943,-87.731,26.87,22.05,23.08,27.99,38.99,61.01,15.56,65.77,18.67,30329,24.03,25.2,24.22,26.56,31.86,68.14,26.16,48.78,25.05,1.4299999999999997,7.1300000000000026,-10.6,-0.67999999999999916,198
41.935,-87.771,32.08,24.96,13.93,29.03,37.9,62.1,15.59,50.92,33.49,19136,24.03,25.2,24.22,26.56,31.86,68.14,26.16,48.78,25.05,2.4700000000000024,6.0399999999999991,-10.57,-0.6866666666666662,199
41.809,-87.632,25.45,26.3,19.73,28.51,29.3,70.7,24.04,56.65,19.31,63431,24.03,25.2,24.22,26.56,31.86,68.14,26.16,48.78,25.05,1.9500000000000028,-2.5599999999999987,-2.120000000000001,-0.90999999999999892,200
41.907,-87.665,26.11,20.7,32.07,21.12,37.99,62.01,22.68,67.76,9.56,130890,24.03,25.2,24.22,26.56,31.86,68.14,26.16,48.78,25.05,-5.4399999999999977,6.1300000000000026,-3.4800000000000004,-0.92999999999999849,201
42.0,-87.663,21.3,28.17,27.67,22.86,36.07,63.93,22.79,45.05,32.16,53616,24.03,25.2,24.22,26.56,31.86,68.14,26.16,48.78,25.05,-3.6999999999999993,4.2100000000000009,-3.370000000000001,-0.95333333333333314,202
41.783,-87.604,17.87,23.69,43.0,15.43,27.75,72.25,38.45,33.6,27.94,32964,24.03,25.2,24.22,26.56,31.86,68.14,26.16,48.78,25.05,-11.129999999999999,-4.1099999999999994,12.290000000000003,-0.983333333333332,203
41.935,-87.64,25.56,25.48,29.92,19.04,36.79,63.21,25.55,63.84,10.61,151765,24.03,25.2,24.22,26.56,31.86,68.14,26.16,48.78,25.05,-7.52,4.93,-0.60999999999999943,-1.0666666666666664,204
41.987,-87.663,30.17,24.25,16.77,28.8,29.13,70.87,23.09,51.06,25.86,521589,24.03,25.2,24.22,26.56,31.86,68.14,26.16,48.78,25.05,2.240000000000002,-2.7300000000000004,-3.0700000000000003,-1.1866666666666663,205
41.994,-87.679,25.54,33.89,20.63,19.95,26.54,73.46,34.39,42.23,23.38,33072,24.03,25.2,24.22,26.56,31.86,68.14,26.16,48.78,25.05,-6.6099999999999994,-5.32,8.23,-1.2333333333333332,206
42.016,-87.673,24.24,35.85,27.94,11.97,28.45,71.55,40.4,40.37,19.22,49184,24.03,25.2,24.22,26.56,31.86,68.14,26.16,48.78,25.05,-14.589999999999998,-3.41,14.239999999999998,-1.2533333333333339,207
41.779,-87.595,29.53,24.78,17.75,27.94,29.38,70.62,23.01,47.27,29.72,360279,24.03,25.2,24.22,26.56,31.86,68.14,26.16,48.78,25.05,1.3800000000000026,-2.4800000000000004,-3.1499999999999986,-1.4166666666666654,208
41.86,-87.717,29.05,24.91,18.14,27.91,28.63,71.37,23.76,53.73,22.51,491202,24.03,25.2,24.22,26.56,31.86,68.14,26.16,48.78,25.05,1.3500000000000014,-3.2300000000000004,-2.3999999999999986,-1.4266666666666659,209
41.953,-87.646,26.4,25.65,29.82,18.14,37.65,62.35,24.49,63.81,11.7,145669,24.03,25.2,24.22,26.56,31.86,68.14,26.16,48.78,25.05,-8.4199999999999982,5.7899999999999991,-1.6700000000000017,-1.4333333333333336,210
42.002,-87.695,32.73,24.89,17.36,25.01,28.56,71.44,26.64,51.11,22.26,496497,24.03,25.2,24.22,26.56,31.86,68.14,26.16,48.78,25.05,-1.5499999999999972,-3.3000000000000007,0.48000000000000043,-1.4566666666666659,211
41.842,-87.656,34.82,18.29,22.04,24.85,37.86,62.14,17.44,67.16,15.4,8343,24.03,25.2,24.22,26.56,31.86,68.14,26.16,48.78,25.05,-1.7099999999999973,6.0,-8.7199999999999989,-1.4766666666666655,212
41.943,-87.701,18.04,26.01,29.28,26.67,35.44,64.56,17.48,71.92,10.6,81221,24.03,25.2,24.22,26.56,31.86,68.14,26.16,48.78,25.05,0.11000000000000298,3.5799999999999983,-8.68,-1.6633333333333329,213
41.763,-87.616,27.34,23.96,18.08,30.61,29.32,70.68,19.61,52.85,27.54,436859,24.03,25.2,24.22,26.56,31.86,68.14,26.16,48.78,25.05,4.0500000000000007,-2.5399999999999991,-6.5500000000000007,-1.6799999999999997,214
41.968,-87.722,30.93,24.02,17.11,27.94,29.94,70.06,21.6,56.41,22.0,363808,24.03,25.2,24.22,26.56,31.86,68.14,26.16,48.78,25.05,1.3800000000000026,-1.9199999999999982,-4.5599999999999987,-1.6999999999999982,215
41.948,-87.684,28.04,24.96,17.85,29.15,29.47,70.53,20.8,59.67,19.53,371255,24.03,25.2,24.22,26.56,31.86,68.14,26.16,48.78,25.05,2.59,-2.3900000000000006,-5.3599999999999994,-1.72,216
41.967,-87.711,27.5,23.74,24.21,24.55,36.09,63.91,18.75,61.09,20.16,18363,24.03,25.2,24.22,26.56,31.86,68.14,26.16,48.78,25.05,-2.009999999999998,4.230000000000004,-7.41,-1.729999999999998,217
41.809,-87.596,29.83,24.99,18.68,26.5,29.17,70.83,23.59,46.44,29.97,212784,24.03,25.2,24.22,26.56,31.86,68.14,26.16,48.78,25.05,-0.059999999999998721,-2.6899999999999977,-2.5700000000000003,-1.7733333333333323,218
41.744,-87.586,28.14,23.87,18.53,29.45,29.44,70.56,20.25,50.26,29.49,81914,24.03,25.2,24.22,26.56,31.86,68.14,26.16,48.78,25.05,2.8900000000000006,-2.4199999999999982,-5.91,-1.8133333333333326,219
41.827,-87.649,21.43,24.72,21.47,32.38,39.09,60.91,7.65,66.55,25.8,42872,24.03,25.2,24.22,26.56,31.86,68.14,26.16,48.78,25.05,5.8200000000000038,7.230000000000004,-18.509999999999998,-1.8199999999999967,220
41.868,-87.643,20.93,33.55,28.09,17.43,26.53,73.47,35.14,46.63,18.23,396965,24.03,25.2,24.22,26.56,31.86,68.14,26.16,48.78,25.05,-9.129999999999999,-5.3299999999999983,8.98,-1.8266666666666656,221
41.861,-87.631,26.55,28.19,26.51,18.75,32.79,67.21,27.45,56.6,15.96,67360,24.03,25.2,24.22,26.56,31.86,68.14,26.16,48.78,25.05,-7.8099999999999987,0.92999999999999972,1.2899999999999991,-1.8633333333333333,222
41.912,-87.699,25.45,23.64,33.35,17.56,40.18,59.82,21.12,68.87,10.01,10919,24.03,25.2,24.22,26.56,31.86,68.14,26.16,48.78,25.05,-9.0,8.32,-5.0399999999999991,-1.9066666666666663,223
41.927,-87.766,30.96,25.41,17.59,26.04,29.62,70.38,23.08,56.92,20.0,547719,24.03,25.2,24.22,26.56,31.86,68.14,26.16,48.78,25.05,-0.51999999999999957,-2.2399999999999984,-3.0800000000000018,-1.9466666666666665,224
41.916,-87.704,21.96,20.0,38.7,19.34,39.83,60.17,19.45,71.44,9.11,11851,24.03,25.2,24.22,26.56,31.86,68.14,26.16,48.78,25.05,-7.2199999999999989,7.9699999999999989,-6.7100000000000009,-1.986666666666667,225
41.954,-87.723,28.93,23.99,17.67,29.41,29.45,70.55,19.33,60.19,20.48,486347,24.03,25.2,24.22,26.56,31.86,68.14,26.16,48.78,25.05,2.8500000000000014,-2.41,-6.8300000000000018,-2.1300000000000003,226
41.95,-87.684,21.92,23.88,32.37,21.84,36.24,63.76,20.08,66.36,13.57,61380,24.03,25.2,24.22,26.56,31.86,68.14,26.16,48.78,25.05,-4.7199999999999989,4.3800000000000026,-6.0800000000000018,-2.1399999999999992,227
41.975,-87.688,29.78,25.14,17.0,28.08,28.44,71.56,21.63,58.7,19.67,349652,24.03,25.2,24.22,26.56,31.86,68.14,26.16,48.78,25.05,1.5199999999999996,-3.4199999999999982,-4.5300000000000011,-2.1433333333333331,228
41.956,-87.701,29.54,22.17,24.5,23.78,39.33,60.67,14.9,70.37,14.73,21439,24.03,25.2,24.22,26.56,31.86,68.14,26.16,48.78,25.05,-2.7799999999999976,7.4699999999999989,-11.26,-2.1899999999999995,229
41.792,-87.618,29.11,24.23,18.26,28.4,29.31,70.69,20.23,52.14,27.63,205315,24.03,25.2,24.22,26.56,31.86,68.14,26.16,48.78,25.05,1.8399999999999999,-2.5500000000000007,-5.93,-2.2133333333333334,230
41.762,-87.573,29.72,24.0,18.1,28.18,29.45,70.55,20.28,45.86,33.86,545614,24.03,25.2,24.22,26.56,31.86,68.14,26.16,48.78,25.05,1.620000000000001,-2.41,-5.879999999999999,-2.2233333333333327,231
41.791,-87.583,19.76,41.82,24.74,13.68,32.9,67.1,31.19,37.59,31.22,150222,24.03,25.2,24.22,26.56,31.86,68.14,26.16,48.78,25.05,-12.879999999999999,1.0399999999999991,5.0300000000000011,-2.2699999999999996,232
41.856,-87.649,22.56,27.76,27.12,22.56,37.12,62.88,18.09,66.0,15.91,37475,24.03,25.2,24.22,26.56,31.86,68.14,26.16,48.78,25.05,-4.0,5.259999999999998,-8.07,-2.2700000000000009,233
41.979,-87.658,25.7,28.63,28.49,17.18,34.03,65.97,26.53,54.15,19.32,48015,24.03,25.2,24.22,26.56,31.86,68.14,26.16,48.78,25.05,-9.379999999999999,2.1700000000000017,0.370000000000001,-2.2799999999999989,234
41.9,-87.721,29.79,24.21,17.78,28.22,29.53,70.47,19.92,62.1,17.98,477280,24.03,25.2,24.22,26.56,31.86,68.14,26.16,48.78,25.05,1.6600000000000001,-2.3299999999999983,-6.2399999999999984,-2.3033333333333323,235
41.97,-87.76,20.32,22.74,24.65,32.3,31.41,68.59,13.89,61.25,24.87,51436,24.03,25.2,24.22,26.56,31.86,68.14,26.16,48.78,25.05,5.7399999999999984,-0.44999999999999929,-12.27,-2.3266666666666667,236
41.891,-87.756,29.43,24.37,17.67,28.53,28.85,71.15,20.2,57.61,22.19,920419,24.03,25.2,24.22,26.56,31.86,68.14,26.16,48.78,25.05,1.9700000000000024,-3.009999999999998,-5.9600000000000009,-2.3333333333333321,237
41.795,-87.696,31.44,25.56,17.83,25.17,29.42,70.58,22.67,54.23,23.1,208408,24.03,25.2,24.22,26.56,31.86,68.14,26.16,48.78,25.05,-1.389999999999997,-2.4399999999999977,-3.4899999999999984,-2.4399999999999977,238
41.879,-87.73,29.41,25.11,18.12,27.36,28.77,71.23,21.08,56.84,22.07,275764,24.03,25.2,24.22,26.56,31.86,68.14,26.16,48.78,25.05,0.80000000000000071,-3.09,-5.0800000000000018,-2.456666666666667,239
41.921,-87.705,22.27,23.18,35.27,19.29,42.16,57.84,15.62,73.79,10.59,32185,24.03,25.2,24.22,26.56,31.86,68.14,26.16,48.78,25.05,-7.27,10.299999999999997,-10.540000000000001,-2.5033333333333343,240
41.857,-87.62,22.64,23.56,18.04,35.77,32.91,67.09,8.17,45.67,46.16,225851,24.03,25.2,24.22,26.56,31.86,68.14,26.16,48.78,25.05,9.2100000000000044,1.0499999999999972,-17.990000000000002,-2.5766666666666667,241
41.836,-87.649,29.43,24.92,19.21,26.43,30.14,69.86,20.26,55.6,24.14,274703,24.03,25.2,24.22,26.56,31.86,68.14,26.16,48.78,25.05,-0.129999999999999,-1.7199999999999989,-5.8999999999999986,-2.5833333333333321,242
41.965,-87.677,17.87,29.5,35.55,17.08,32.62,67.38,26.99,60.57,12.44,76718,24.03,25.2,24.22,26.56,31.86,68.14,26.16,48.78,25.05,-9.48,0.759999999999998,0.82999999999999829,-2.6300000000000012,243
41.985,-87.805,28.24,25.16,18.54,28.06,30.08,69.92,18.5,58.41,23.09,249120,24.03,25.2,24.22,26.56,31.86,68.14,26.16,48.78,25.05,1.5,-1.7800000000000011,-7.66,-2.6466666666666669,244
41.892,-87.684,24.7,23.88,30.3,21.12,37.25,62.75,18.21,71.77,10.02,28596,24.03,25.2,24.22,26.56,31.86,68.14,26.16,48.78,25.05,-5.4399999999999977,5.3900000000000006,-7.9499999999999993,-2.6666666666666656,245
41.74,-87.616,26.73,24.67,19.34,29.25,28.68,71.32,18.59,53.76,27.65,398572,24.03,25.2,24.22,26.56,31.86,68.14,26.16,48.78,25.05,2.6900000000000013,-3.1799999999999997,-7.57,-2.6866666666666661,246
41.885,-87.684,23.81,27.82,21.95,26.42,29.43,70.57,20.64,67.02,12.34,89905,24.03,25.2,24.22,26.56,31.86,68.14,26.16,48.78,25.05,-0.13999999999999702,-2.4299999999999997,-5.52,-2.6966666666666654,247
41.943,-87.641,26.64,25.16,31.57,16.63,38.57,61.43,21.19,65.95,12.86,125404,24.03,25.2,24.22,26.56,31.86,68.14,26.16,48.78,25.05,-9.93,6.7100000000000009,-4.9699999999999989,-2.7299999999999991,248
41.924,-87.735,31.68,25.09,17.42,25.81,29.44,70.56,21.12,62.46,16.42,169960,24.03,25.2,24.22,26.56,31.86,68.14,26.16,48.78,25.05,-0.75,-2.4199999999999982,-5.0399999999999991,-2.7366666666666659,249
41.964,-87.652,27.64,29.15,26.64,16.57,34.76,65.24,25.01,61.04,13.95,89013,24.03,25.2,24.22,26.56,31.86,68.14,26.16,48.78,25.05,-9.9899999999999984,2.8999999999999986,-1.1499999999999986,-2.7466666666666661,250
41.994,-87.665,27.08,27.03,26.29,19.59,34.52,65.48,22.0,48.5,29.49,90811,24.03,25.2,24.22,26.56,31.86,68.14,26.16,48.78,25.05,-6.9699999999999989,2.6600000000000037,-4.16,-2.8233333333333319,251
41.926,-87.722,30.09,23.54,26.31,20.06,37.94,62.06,17.73,69.22,13.05,16757,24.03,25.2,24.22,26.56,31.86,68.14,26.16,48.78,25.05,-6.5,6.0799999999999983,-8.43,-2.9500000000000006,252
41.907,-87.69,26.61,24.2,31.01,18.18,37.91,62.09,19.63,70.23,10.15,60271,24.03,25.2,24.22,26.56,31.86,68.14,26.16,48.78,25.05,-8.379999999999999,6.0499999999999972,-6.5300000000000011,-2.9533333333333345,253
42.016,-87.7,29.97,31.42,17.14,21.47,26.91,73.09,27.18,47.05,25.77,33137,24.03,25.2,24.22,26.56,31.86,68.14,26.16,48.78,25.05,-5.09,-4.9499999999999993,1.0199999999999996,-3.0066666666666664,254
41.897,-87.699,24.59,21.9,32.71,20.8,37.97,62.03,16.78,73.12,10.11,11845,24.03,25.2,24.22,26.56,31.86,68.14,26.16,48.78,25.05,-5.759999999999998,6.1099999999999994,-9.379999999999999,-3.0099999999999993,255
41.879,-87.706,29.84,25.29,18.4,26.47,28.63,71.37,20.25,57.4,22.34,333102,24.03,25.2,24.22,26.56,31.86,68.14,26.16,48.78,25.05,-0.089999999999999858,-3.2300000000000004,-5.91,-3.0766666666666667,256
41.777,-87.642,28.58,25.46,18.18,27.77,28.32,71.68,19.12,54.07,26.81,356356,24.03,25.2,24.22,26.56,31.86,68.14,26.16,48.78,25.05,1.2100000000000009,-3.5399999999999991,-7.0399999999999991,-3.1233333333333326,257
41.958,-87.692,19.9,22.86,36.15,21.09,35.88,64.12,18.11,67.66,14.23,24238,24.03,25.2,24.22,26.56,31.86,68.14,26.16,48.78,25.05,-5.4699999999999989,4.0200000000000031,-8.05,-3.1666666666666656,258
41.793,-87.724,31.35,27.11,18.67,22.87,28.0,72.0,24.14,52.19,23.67,108620,24.03,25.2,24.22,26.56,31.86,68.14,26.16,48.78,25.05,-3.6899999999999977,-3.8599999999999994,-2.0199999999999996,-3.1899999999999991,259
41.817,-87.699,31.34,25.28,17.28,26.1,28.22,71.78,20.62,57.68,21.7,273603,24.03,25.2,24.22,26.56,31.86,68.14,26.16,48.78,25.05,-0.4599999999999973,-3.6400000000000006,-5.5399999999999991,-3.2133333333333325,260
41.859,-87.617,23.84,30.54,26.03,19.59,33.78,66.22,21.46,61.66,16.88,1104545,24.03,25.2,24.22,26.56,31.86,68.14,26.16,48.78,25.05,-6.9699999999999989,1.9200000000000017,-4.6999999999999993,-3.2499999999999987,261
41.962,-87.645,25.24,28.65,29.3,16.81,35.78,64.22,22.16,65.13,12.71,172325,24.03,25.2,24.22,26.56,31.86,68.14,26.16,48.78,25.05,-9.75,3.9200000000000017,-4.0,-3.276666666666666,262
41.967,-87.694,22.57,22.26,35.22,19.96,38.13,61.87,16.47,65.99,17.55,30611,24.03,25.2,24.22,26.56,31.86,68.14,26.16,48.78,25.05,-6.5999999999999979,6.2700000000000031,-9.6900000000000013,-3.3399999999999985,263
41.936,-87.681,26.79,25.18,31.06,16.97,36.83,63.17,20.64,67.73,11.63,35189,24.03,25.2,24.22,26.56,31.86,68.14,26.16,48.78,25.05,-9.59,4.9699999999999989,-5.52,-3.3800000000000003,264
41.892,-87.689,24.7,21.19,35.74,18.37,35.11,64.89,20.91,70.26,8.83,32796,24.03,25.2,24.22,26.56,31.86,68.14,26.16,48.78,25.05,-8.1899999999999977,3.25,-5.25,-3.3966666666666661,265
41.972,-87.686,22.66,22.84,37.09,17.41,38.96,61.04,17.93,61.83,20.23,21456,24.03,25.2,24.22,26.56,31.86,68.14,26.16,48.78,25.05,-9.1499999999999986,7.1000000000000014,-8.23,-3.4266666666666659,266
41.954,-87.763,31.56,24.96,17.81,25.67,29.25,70.75,19.37,55.99,24.64,438275,24.03,25.2,24.22,26.56,31.86,68.14,26.16,48.78,25.05,-0.889999999999997,-2.6099999999999994,-6.7899999999999991,-3.4299999999999984,267
41.901,-87.694,26.53,24.71,27.82,20.94,35.97,64.03,17.31,72.44,10.24,100667,24.03,25.2,24.22,26.56,31.86,68.14,26.16,48.78,25.05,-5.6199999999999974,4.1099999999999994,-8.8500000000000014,-3.4533333333333331,268
42.006,-87.668,29.64,26.64,24.46,19.26,32.54,67.46,22.36,46.13,31.51,79198,24.03,25.2,24.22,26.56,31.86,68.14,26.16,48.78,25.05,-7.2999999999999972,0.67999999999999972,-3.8000000000000007,-3.4733333333333327,269
41.874,-87.664,21.85,24.25,17.97,35.93,27.37,72.63,10.68,50.37,38.95,1247360,24.03,25.2,24.22,26.56,31.86,68.14,26.16,48.78,25.05,9.370000000000001,-4.4899999999999984,-15.48,-3.5333333333333328,270
41.987,-87.665,27.28,27.33,27.19,18.2,34.6,65.4,21.15,54.13,24.72,90831,24.03,25.2,24.22,26.56,31.86,68.14,26.16,48.78,25.05,-8.36,2.740000000000002,-5.0100000000000016,-3.543333333333333,271
41.839,-87.714,30.35,25.76,17.84,26.05,28.53,71.47,19.28,58.08,22.63,467183,24.03,25.2,24.22,26.56,31.86,68.14,26.16,48.78,25.05,-0.509999999999998,-3.3299999999999983,-6.879999999999999,-3.5733333333333319,272
41.979,-87.771,29.68,24.78,17.56,27.98,28.97,71.03,16.7,60.68,22.62,199330,24.03,25.2,24.22,26.56,31.86,68.14,26.16,48.78,25.05,1.4200000000000017,-2.8900000000000006,-9.46,-3.6433333333333331,273
41.813,-87.618,30.61,26.22,18.45,24.72,28.37,71.63,20.55,52.06,27.39,381587,24.03,25.2,24.22,26.56,31.86,68.14,26.16,48.78,25.05,-1.8399999999999999,-3.4899999999999984,-5.6099999999999994,-3.6466666666666661,274
41.835,-87.619,29.61,26.32,19.38,24.68,28.98,71.02,19.95,50.7,29.35,307168,24.03,25.2,24.22,26.56,31.86,68.14,26.16,48.78,25.05,-1.879999999999999,-2.879999999999999,-6.2100000000000009,-3.6566666666666663,275
41.824,-87.602,31.17,24.79,17.58,26.47,29.01,70.99,18.02,52.55,29.43,86223,24.03,25.2,24.22,26.56,31.86,68.14,26.16,48.78,25.05,-0.089999999999999858,-2.8499999999999979,-8.14,-3.6933333333333329,276
41.912,-87.695,21.98,24.86,36.04,17.13,36.32,63.68,20.01,70.68,9.31,9796,24.03,25.2,24.22,26.56,31.86,68.14,26.16,48.78,25.05,-9.43,4.4600000000000009,-6.1499999999999986,-3.7066666666666657,277
41.973,-87.679,24.18,28.05,31.27,16.49,34.72,65.28,22.18,59.59,18.24,87671,24.03,25.2,24.22,26.56,31.86,68.14,26.16,48.78,25.05,-10.07,2.8599999999999994,-3.9800000000000004,-3.7300000000000004,278
41.856,-87.669,35.53,23.77,21.22,19.48,35.88,64.12,17.9,68.2,13.9,47947,24.03,25.2,24.22,26.56,31.86,68.14,26.16,48.78,25.05,-7.0799999999999983,4.0200000000000031,-8.2600000000000016,-3.7733333333333321,279
41.978,-87.82,25.8,26.24,26.78,21.18,31.01,68.99,20.99,51.59,27.42,16835,24.03,25.2,24.22,26.56,31.86,68.14,26.16,48.78,25.05,-5.379999999999999,-0.84999999999999787,-5.1700000000000017,-3.7999999999999994,280
41.895,-87.62,27.58,32.75,25.73,13.94,24.95,75.05,34.2,44.72,21.08,694955,24.03,25.2,24.22,26.56,31.86,68.14,26.16,48.78,25.05,-12.62,-6.91,8.0400000000000027,-3.8299999999999996,281
41.93,-87.724,26.56,25.47,30.07,17.9,36.88,63.12,18.27,68.3,13.43,35852,24.03,25.2,24.22,26.56,31.86,68.14,26.16,48.78,25.05,-8.66,5.0200000000000031,-7.8900000000000006,-3.8433333333333324,282
41.967,-87.652,28.76,29.14,26.43,15.67,33.95,66.05,23.39,60.29,16.32,40186,24.03,25.2,24.22,26.56,31.86,68.14,26.16,48.78,25.05,-10.889999999999999,2.0900000000000034,-2.7699999999999996,-3.8566666666666651,283
41.744,-87.656,29.84,25.26,18.22,26.68,28.82,71.18,17.25,55.43,27.32,489779,24.03,25.2,24.22,26.56,31.86,68.14,26.16,48.78,25.05,0.120000000000001,-3.0399999999999991,-8.91,-3.9433333333333329,284
41.959,-87.738,18.94,22.86,32.27,25.93,33.43,66.57,12.82,62.18,25.01,26240,24.03,25.2,24.22,26.56,31.86,68.14,26.16,48.78,25.05,-0.629999999999999,1.5700000000000003,-13.34,-4.1333333333333329,285
41.983,-87.658,27.9,29.76,24.39,17.95,35.38,64.62,18.66,58.12,23.21,14397,24.03,25.2,24.22,26.56,31.86,68.14,26.16,48.78,25.05,-8.61,3.5200000000000031,-7.5,-4.1966666666666654,286
41.83,-87.673,28.56,27.09,20.17,24.17,28.61,71.39,19.21,59.44,21.36,143896,24.03,25.2,24.22,26.56,31.86,68.14,26.16,48.78,25.05,-2.389999999999997,-3.25,-6.9499999999999993,-4.1966666666666654,286
41.98,-87.652,26.45,28.1,29.68,15.77,34.76,65.24,21.45,57.99,20.55,48363,24.03,25.2,24.22,26.56,31.86,68.14,26.16,48.78,25.05,-10.79,2.8999999999999986,-4.7100000000000009,-4.2,288
41.809,-87.659,29.44,26.74,18.11,25.72,27.83,72.17,18.4,56.68,24.92,350836,24.03,25.2,24.22,26.56,31.86,68.14,26.16,48.78,25.05,-0.83999999999999986,-4.0300000000000011,-7.7600000000000016,-4.2100000000000009,289
41.811,-87.726,27.46,26.85,19.69,26.0,26.85,73.15,18.75,56.22,25.03,138296,24.03,25.2,24.22,26.56,31.86,68.14,26.16,48.78,25.05,-0.55999999999999872,-5.009999999999998,-7.41,-4.3266666666666653,290
41.772,-87.696,31.58,25.22,16.87,26.33,28.72,71.28,16.39,58.71,24.91,372644,24.03,25.2,24.22,26.56,31.86,68.14,26.16,48.78,25.05,-0.23000000000000043,-3.1400000000000006,-9.77,-4.38,291
41.908,-87.695,30.79,24.81,28.21,16.19,33.57,66.43,21.66,67.54,10.81,24787,24.03,25.2,24.22,26.56,31.86,68.14,26.16,48.78,25.05,-10.369999999999997,1.7100000000000009,-4.5,-4.3866666666666658,292
42.016,-87.68,37.32,27.32,19.43,15.92,29.11,70.89,26.37,44.92,28.71,57050,24.03,25.2,24.22,26.56,31.86,68.14,26.16,48.78,25.05,-10.639999999999999,-2.75,0.21000000000000085,-4.3933333333333326,293
41.77,-87.727,31.25,26.03,17.77,24.95,28.38,71.62,18.0,57.69,24.3,184012,24.03,25.2,24.22,26.56,31.86,68.14,26.16,48.78,25.05,-1.6099999999999994,-3.4800000000000004,-8.16,-4.416666666666667,294
41.741,-87.551,30.37,26.86,18.68,24.09,27.94,72.06,19.08,47.0,33.91,255702,24.03,25.2,24.22,26.56,31.86,68.14,26.16,48.78,25.05,-2.4699999999999989,-3.9199999999999982,-7.0800000000000018,-4.4899999999999993,295
41.984,-87.724,28.71,28.39,19.61,23.29,27.23,72.77,20.53,56.2,23.28,133000,24.03,25.2,24.22,26.56,31.86,68.14,26.16,48.78,25.05,-3.2699999999999996,-4.629999999999999,-5.629999999999999,-4.5099999999999989,296
41.907,-87.685,20.1,26.84,35.06,17.99,34.27,65.73,18.75,71.36,9.89,35200,24.03,25.2,24.22,26.56,31.86,68.14,26.16,48.78,25.05,-8.57,2.4100000000000037,-7.41,-4.5233333333333325,297
41.965,-87.772,40.49,20.56,16.88,22.07,33.24,66.76,15.68,51.98,32.34,12025,24.03,25.2,24.22,26.56,31.86,68.14,26.16,48.78,25.05,-4.4899999999999984,1.3800000000000026,-10.48,-4.5299999999999985,298
41.707,-87.623,28.87,24.87,18.4,27.86,27.84,72.16,15.15,50.3,34.54,467877,24.03,25.2,24.22,26.56,31.86,68.14,26.16,48.78,25.05,1.3000000000000007,-4.02,-11.01,-4.5766666666666662,299
41.961,-87.752,28.56,25.19,23.32,22.93,34.58,65.42,13.22,56.1,30.68,50956,24.03,25.2,24.22,26.56,31.86,68.14,26.16,48.78,25.05,-3.629999999999999,2.7199999999999989,-12.94,-4.6166666666666663,300
41.783,-87.608,26.54,30.38,33.8,9.28,23.28,76.72,38.13,43.33,18.53,37338,24.03,25.2,24.22,26.56,31.86,68.14,26.16,48.78,25.05,-17.28,-8.5799999999999983,11.970000000000002,-4.629999999999999,301
41.929,-87.798,34.15,24.93,16.96,23.95,28.47,71.53,18.27,58.74,22.99,82358,24.03,25.2,24.22,26.56,31.86,68.14,26.16,48.78,25.05,-2.6099999999999994,-3.3900000000000006,-7.8900000000000006,-4.63,302
41.991,-87.657,31.71,26.86,25.98,15.46,33.58,66.42,21.43,51.8,26.77,54598,24.03,25.2,24.22,26.56,31.86,68.14,26.16,48.78,25.05,-11.099999999999998,1.7199999999999989,-4.73,-4.7033333333333331,303
42.005,-87.663,33.76,24.6,23.42,18.22,35.75,64.25,16.43,45.05,38.52,35172,24.03,25.2,24.22,26.56,31.86,68.14,26.16,48.78,25.05,-8.34,3.8900000000000006,-9.73,-4.7266666666666666,304
42.016,-87.667,34.11,27.18,20.33,18.38,30.08,69.92,21.94,43.66,34.4,60153,24.03,25.2,24.22,26.56,31.86,68.14,26.16,48.78,25.05,-8.18,-1.7800000000000011,-4.2199999999999989,-4.7266666666666666,304
41.879,-87.685,23.37,37.09,31.96,7.57,30.32,69.68,32.45,55.79,11.75,12846,24.03,25.2,24.22,26.56,31.86,68.14,26.16,48.78,25.05,-18.99,-1.5399999999999991,6.2900000000000027,-4.7466666666666653,306
41.956,-87.713,34.69,23.62,22.81,18.88,37.42,62.58,13.74,68.89,17.37,16510,24.03,25.2,24.22,26.56,31.86,68.14,26.16,48.78,25.05,-7.68,5.5600000000000023,-12.42,-4.8466666666666658,307
41.776,-87.667,29.6,26.45,18.73,25.22,27.62,72.38,17.18,55.82,27.0,375647,24.03,25.2,24.22,26.56,31.86,68.14,26.16,48.78,25.05,-1.3399999999999999,-4.2399999999999984,-8.98,-4.8533333333333326,308
41.96,-87.702,30.12,24.78,27.79,17.31,36.31,63.69,16.37,68.84,14.79,22930,24.03,25.2,24.22,26.56,31.86,68.14,26.16,48.78,25.05,-9.25,4.4500000000000028,-9.79,-4.8633333333333324,309
41.95,-87.731,19.67,26.68,35.4,18.25,37.85,62.15,13.51,72.4,14.1,25327,24.03,25.2,24.22,26.56,31.86,68.14,26.16,48.78,25.05,-8.3099999999999987,5.990000000000002,-12.65,-4.9899999999999993,310
41.957,-87.723,28.44,26.31,24.81,20.44,34.5,65.5,14.59,63.04,22.37,38614,24.03,25.2,24.22,26.56,31.86,68.14,26.16,48.78,25.05,-6.1199999999999974,2.6400000000000006,-11.57,-5.0166666666666657,311
41.957,-87.731,29.74,24.85,25.13,20.28,37.41,62.59,11.81,65.34,22.85,26420,24.03,25.2,24.22,26.56,31.86,68.14,26.16,48.78,25.05,-6.2799999999999976,5.5499999999999972,-14.35,-5.0266666666666664,312
41.993,-87.657,30.96,27.93,25.0,16.11,34.16,65.84,19.16,52.38,28.47,38060,24.03,25.2,24.22,26.56,31.86,68.14,26.16,48.78,25.05,-10.45,2.2999999999999972,-7.0,-5.0500000000000007,313
41.95,-87.723,20.35,26.05,34.95,18.65,36.3,63.7,14.32,70.35,15.33,15284,24.03,25.2,24.22,26.56,31.86,68.14,26.16,48.78,25.05,-7.91,4.4399999999999977,-11.84,-5.1033333333333344,314
41.95,-87.702,27.96,25.98,27.82,18.25,35.72,64.28,15.14,70.75,14.11,45747,24.03,25.2,24.22,26.56,31.86,68.14,26.16,48.78,25.05,-8.3099999999999987,3.8599999999999994,-11.02,-5.1566666666666663,315
41.947,-87.806,33.12,25.95,17.63,23.3,28.8,71.2,17.0,56.97,26.03,246010,24.03,25.2,24.22,26.56,31.86,68.14,26.16,48.78,25.05,-3.259999999999998,-3.0599999999999987,-9.16,-5.1599999999999993,316
41.985,-87.658,34.73,27.24,21.53,16.5,34.21,65.79,18.37,56.37,25.26,22271,24.03,25.2,24.22,26.56,31.86,68.14,26.16,48.78,25.05,-10.059999999999999,2.3500000000000014,-7.7899999999999991,-5.1666666666666652,317
41.802,-87.632,12.62,30.01,39.16,18.22,28.35,71.65,22.48,66.91,10.61,22219,24.03,25.2,24.22,26.56,31.86,68.14,26.16,48.78,25.05,-8.34,-3.509999999999998,-3.6799999999999997,-5.1766666666666659,318
41.935,-87.635,16.74,32.33,39.39,11.54,35.64,64.36,21.86,68.47,9.67,29997,24.03,25.2,24.22,26.56,31.86,68.14,26.16,48.78,25.05,-15.02,3.7800000000000011,-4.3000000000000007,-5.18,319
41.806,-87.587,31.03,26.98,27.89,14.09,28.13,71.87,26.73,48.76,24.51,102769,24.03,25.2,24.22,26.56,31.86,68.14,26.16,48.78,25.05,-12.469999999999999,-3.7300000000000004,0.57000000000000028,-5.21,320
41.989,-87.657,31.3,26.78,26.19,15.73,36.77,63.23,16.39,56.86,26.75,34912,24.03,25.2,24.22,26.56,31.86,68.14,26.16,48.78,25.05,-10.829999999999998,4.9100000000000037,-9.77,-5.2299999999999978,321
41.97,-87.713,32.78,28.34,20.82,18.06,33.99,66.01,16.71,58.18,25.11,32430,24.03,25.2,24.22,26.56,31.86,68.14,26.16,48.78,25.05,-8.5,2.1300000000000026,-9.45,-5.2733333333333325,322
41.792,-87.611,30.07,30.13,23.06,16.73,29.46,70.54,22.52,53.19,24.29,24609,24.03,25.2,24.22,26.56,31.86,68.14,26.16,48.78,25.05,-9.8299999999999983,-2.3999999999999986,-3.6400000000000006,-5.2899999999999991,323
41.73,-87.573,29.63,27.06,18.98,24.32,27.54,72.46,16.76,49.37,33.87,129422,24.03,25.2,24.22,26.56,31.86,68.14,26.16,48.78,25.05,-2.2399999999999984,-4.32,-9.3999999999999986,-5.3199999999999994,324
41.69,-87.669,27.44,28.31,20.02,24.23,28.63,71.37,15.45,48.7,35.85,209301,24.03,25.2,24.22,26.56,31.86,68.14,26.16,48.78,25.05,-2.3299999999999983,-3.2300000000000004,-10.71,-5.4233333333333329,325
41.713,-87.675,26.6,28.62,21.13,23.65,29.57,70.43,14.93,49.49,35.59,135060,24.03,25.2,24.22,26.56,31.86,68.14,26.16,48.78,25.05,-2.91,-2.2899999999999991,-11.23,-5.4766666666666666,326
41.973,-87.65,28.93,27.49,27.42,16.16,33.24,66.76,18.73,61.92,19.34,106997,24.03,25.2,24.22,26.56,31.86,68.14,26.16,48.78,25.05,-10.399999999999999,1.3800000000000026,-7.43,-5.4833333333333316,327
42.016,-87.687,42.86,29.53,15.88,11.73,27.15,72.85,29.17,47.59,23.24,22827,24.03,25.2,24.22,26.56,31.86,68.14,26.16,48.78,25.05,-14.829999999999998,-4.7100000000000009,3.0100000000000016,-5.5099999999999989,328
41.919,-87.721,34.45,25.22,23.15,17.19,34.13,65.87,16.61,71.37,12.02,9676,24.03,25.2,24.22,26.56,31.86,68.14,26.16,48.78,25.05,-9.3699999999999974,2.2700000000000031,-9.55,-5.549999999999998,329
41.717,-87.649,29.61,26.64,19.05,24.7,28.52,71.48,14.68,53.13,32.18,265667,24.03,25.2,24.22,26.56,31.86,68.14,26.16,48.78,25.05,-1.8599999999999994,-3.34,-11.48,-5.56,330
42.005,-87.659,24.22,30.3,26.68,18.8,31.8,68.2,17.2,45.85,36.95,65617,24.03,25.2,24.22,26.56,31.86,68.14,26.16,48.78,25.05,-7.759999999999998,-0.059999999999998721,-8.96,-5.5933333333333328,331
41.908,-87.744,14.03,42.11,28.95,14.91,27.84,72.16,24.94,64.05,11.02,14841,24.03,25.2,24.22,26.56,31.86,68.14,26.16,48.78,25.05,-11.649999999999999,-4.02,-1.2199999999999989,-5.629999999999999,332
42.009,-87.673,33.38,32.78,20.97,12.88,31.52,68.48,23.25,42.88,33.87,64358,24.03,25.2,24.22,26.56,31.86,68.14,26.16,48.78,25.05,-13.679999999999998,-0.33999999999999986,-2.91,-5.6433333333333335,333
41.841,-87.661,38.93,19.34,23.85,17.89,34.22,65.78,15.49,68.62,15.89,8878,24.03,25.2,24.22,26.56,31.86,68.14,26.16,48.78,25.05,-8.6699999999999982,2.3599999999999994,-10.67,-5.6599999999999993,334
41.78,-87.769,33.27,26.41,15.6,24.72,28.27,71.73,14.58,54.05,31.37,138359,24.03,25.2,24.22,26.56,31.86,68.14,26.16,48.78,25.05,-1.8399999999999999,-3.59,-11.58,-5.669999999999999,335
41.769,-87.629,24.89,33.61,21.02,20.48,23.86,76.14,23.07,54.99,21.94,19055,24.03,25.2,24.22,26.56,31.86,68.14,26.16,48.78,25.05,-6.0799999999999983,-8.0,-3.09,-5.7233333333333327,336
41.755,-87.6,32.54,38.29,15.76,13.41,34.77,65.23,19.06,47.63,33.31,14387,24.03,25.2,24.22,26.56,31.86,68.14,26.16,48.78,25.05,-13.149999999999999,2.9100000000000037,-7.1000000000000014,-5.7799999999999985,337
41.691,-87.57,28.4,25.87,17.84,27.9,26.62,73.38,12.5,50.01,37.49,130722,24.03,25.2,24.22,26.56,31.86,68.14,26.16,48.78,25.05,1.3399999999999999,-5.2399999999999984,-13.66,-5.8533333333333326,338
41.945,-87.691,12.59,34.58,30.58,22.25,28.68,71.32,16.0,74.28,9.72,79924,24.03,25.2,24.22,26.56,31.86,68.14,26.16,48.78,25.05,-4.3099999999999987,-3.1799999999999997,-10.16,-5.8833333333333329,339
42.001,-87.684,35.22,34.38,18.05,12.35,28.11,71.89,26.15,47.17,26.68,49457,24.03,25.2,24.22,26.56,31.86,68.14,26.16,48.78,25.05,-14.209999999999999,-3.75,-0.010000000000001563,-5.9900000000000011,340
41.707,-87.535,32.84,28.48,18.29,20.4,27.2,72.8,18.84,40.38,40.78,64767,24.03,25.2,24.22,26.56,31.86,68.14,26.16,48.78,25.05,-6.16,-4.66,-7.32,-6.0466666666666669,341
41.674,-87.636,30.78,26.13,18.34,24.75,28.49,71.51,13.12,47.32,39.56,270652,24.03,25.2,24.22,26.56,31.86,68.14,26.16,48.78,25.05,-1.8099999999999987,-3.370000000000001,-13.040000000000001,-6.0733333333333333,342
41.965,-87.703,30.48,24.92,27.82,16.78,34.62,65.38,14.96,63.0,22.04,49808,24.03,25.2,24.22,26.56,31.86,68.14,26.16,48.78,25.05,-9.7799999999999976,2.759999999999998,-11.2,-6.0733333333333333,342
41.985,-87.654,31.0,28.99,27.15,12.86,37.88,62.12,15.35,59.73,24.91,35971,24.03,25.2,24.22,26.56,31.86,68.14,26.16,48.78,25.05,-13.7,6.0200000000000031,-10.81,-6.1633333333333313,344
41.756,-87.584,28.91,37.33,22.49,11.27,23.81,76.19,30.87,41.4,27.73,55582,24.03,25.2,24.22,26.56,31.86,68.14,26.16,48.78,25.05,-15.29,-8.05,4.7100000000000009,-6.21,345
41.833,-87.654,26.05,25.38,26.22,22.35,34.17,65.83,9.42,70.58,20.0,45900,24.03,25.2,24.22,26.56,31.86,68.14,26.16,48.78,25.05,-4.2099999999999973,2.3100000000000023,-16.740000000000002,-6.213333333333332,346
41.997,-87.657,26.4,32.22,22.5,18.88,35.69,64.31,11.33,47.34,41.33,21442,24.03,25.2,24.22,26.56,31.86,68.14,26.16,48.78,25.05,-7.68,3.8299999999999983,-14.83,-6.2266666666666666,347
41.845,-87.649,26.89,30.8,29.47,12.83,30.6,69.4,22.4,60.47,17.14,15048,24.03,25.2,24.22,26.56,31.86,68.14,26.16,48.78,25.05,-13.729999999999999,-1.259999999999998,-3.7600000000000016,-6.25,348
41.973,-87.724,40.4,26.66,17.2,15.75,32.63,67.37,17.3,53.38,29.32,12084,24.03,25.2,24.22,26.56,31.86,68.14,26.16,48.78,25.05,-10.809999999999999,0.77000000000000313,-8.86,-6.299999999999998,349
41.754,-87.632,28.29,33.15,23.23,15.33,23.86,76.14,26.35,48.52,25.14,32474,24.03,25.2,24.22,26.56,31.86,68.14,26.16,48.78,25.05,-11.229999999999999,-8.0,0.19000000000000128,-6.3466666666666649,350
41.764,-87.571,25.96,42.84,25.93,5.27,24.74,75.26,35.51,37.45,27.03,16827,24.03,25.2,24.22,26.56,31.86,68.14,26.16,48.78,25.05,-21.29,-7.120000000000001,9.3499999999999979,-6.3533333333333344,351
41.928,-87.788,23.37,37.88,26.52,12.22,26.02,73.98,27.01,48.71,24.27,34061,24.03,25.2,24.22,26.56,31.86,68.14,26.16,48.78,25.05,-14.339999999999998,-5.84,0.85000000000000142,-6.4433333333333325,352
41.816,-87.633,33.69,35.58,15.62,15.1,34.83,65.17,15.28,64.75,19.97,9263,24.03,25.2,24.22,26.56,31.86,68.14,26.16,48.78,25.05,-11.459999999999999,2.9699999999999989,-10.88,-6.456666666666667,353
41.906,-87.751,17.06,42.18,30.21,10.55,26.46,73.54,28.16,58.3,13.54,15573,24.03,25.2,24.22,26.56,31.86,68.14,26.16,48.78,25.05,-16.009999999999998,-5.3999999999999986,2.0,-6.4699999999999989,354
41.965,-87.732,39.16,26.07,19.77,15.0,32.38,67.62,17.78,56.8,25.42,9171,24.03,25.2,24.22,26.56,31.86,68.14,26.16,48.78,25.05,-11.559999999999999,0.52000000000000313,-8.379999999999999,-6.4733333333333318,355
41.923,-87.722,35.87,24.78,25.21,14.15,33.74,66.26,17.16,71.49,11.35,15627,24.03,25.2,24.22,26.56,31.86,68.14,26.16,48.78,25.05,-12.409999999999998,1.8800000000000026,-9.0,-6.509999999999998,356
41.95,-87.713,33.69,28.48,21.61,16.21,33.03,66.97,15.72,70.61,13.67,41084,24.03,25.2,24.22,26.56,31.86,68.14,26.16,48.78,25.05,-10.349999999999998,1.1700000000000017,-10.44,-6.5399999999999991,357
41.783,-87.583,29.22,35.88,25.27,9.63,28.9,71.1,26.31,41.97,31.71,10705,24.03,25.2,24.22,26.56,31.86,68.14,26.16,48.78,25.05,-16.93,-2.9600000000000009,0.14999999999999858,-6.580000000000001,358
41.994,-87.695,34.22,33.03,20.11,12.63,28.35,71.65,23.84,50.29,25.88,49889,24.03,25.2,24.22,26.56,31.86,68.14,26.16,48.78,25.05,-13.929999999999998,-3.509999999999998,-2.3200000000000003,-6.586666666666666,359
41.863,-87.673,21.07,35.7,29.51,13.72,27.51,72.49,23.54,60.64,15.81,116500,24.03,25.2,24.22,26.56,31.86,68.14,26.16,48.78,25.05,-12.839999999999998,-4.3499999999999979,-2.620000000000001,-6.6033333333333326,360
41.994,-87.705,42.97,28.79,14.87,13.37,26.16,73.84,25.13,47.47,27.39,41462,24.03,25.2,24.22,26.56,31.86,68.14,26.16,48.78,25.05,-13.19,-5.6999999999999993,-1.0300000000000011,-6.6400000000000006,361
41.861,-87.701,25.9,30.79,24.7,18.62,26.68,73.32,19.25,62.78,17.97,18696,24.03,25.2,24.22,26.56,31.86,68.14,26.16,48.78,25.05,-7.9399999999999977,-5.18,-6.91,-6.6766666666666659,362
41.953,-87.745,21.55,36.62,30.61,11.22,30.94,69.06,22.33,54.13,23.54,19662,24.03,25.2,24.22,26.56,31.86,68.14,26.16,48.78,25.05,-15.339999999999998,-0.91999999999999815,-3.8300000000000018,-6.6966666666666663,363
41.793,-87.77,25.22,25.22,20.63,28.93,27.18,72.82,8.35,40.94,50.71,470499,24.03,25.2,24.22,26.56,31.86,68.14,26.16,48.78,25.05,2.370000000000001,-4.68,-17.810000000000002,-6.706666666666667,364
41.762,-87.59,31.49,36.81,21.43,10.27,25.62,74.38,28.5,42.25,29.25,24715,24.03,25.2,24.22,26.56,31.86,68.14,26.16,48.78,25.05,-16.29,-6.2399999999999984,2.34,-6.7299999999999995,365
42.009,-87.664,38.99,25.83,19.99,15.19,32.09,67.91,16.99,45.11,37.9,43026,24.03,25.2,24.22,26.56,31.86,68.14,26.16,48.78,25.05,-11.37,0.23000000000000398,-9.1700000000000017,-6.7699999999999987,366
41.973,-87.694,26.71,30.81,26.6,15.89,30.28,69.72,18.07,59.81,22.13,85323,24.03,25.2,24.22,26.56,31.86,68.14,26.16,48.78,25.05,-10.669999999999998,-1.5799999999999983,-8.09,-6.7799999999999985,367
41.987,-87.694,37.44,30.13,18.0,14.44,29.54,70.46,20.21,52.37,27.42,35302,24.03,25.2,24.22,26.56,31.86,68.14,26.16,48.78,25.05,-12.12,-2.3200000000000003,-5.9499999999999993,-6.7966666666666669,368
41.877,-87.76,37.03,29.28,16.88,16.82,25.73,74.27,21.57,52.49,25.94,57310,24.03,25.2,24.22,26.56,31.86,68.14,26.16,48.78,25.05,-9.7399999999999984,-6.129999999999999,-4.59,-6.8199999999999994,369
41.856,-87.675,36.94,25.6,22.62,14.84,34.12,65.88,15.12,70.48,14.4,46571,24.03,25.2,24.22,26.56,31.86,68.14,26.16,48.78,25.05,-11.719999999999999,2.259999999999998,-11.040000000000001,-6.833333333333333,370
41.892,-87.702,24.61,35.2,20.08,20.11,28.98,71.02,14.91,72.29,12.8,29302,24.03,25.2,24.22,26.56,31.86,68.14,26.16,48.78,25.05,-6.4499999999999993,-2.879999999999999,-11.25,-6.8599999999999994,371
42.008,-87.686,42.04,31.05,17.33,9.58,25.72,74.28,28.58,42.5,28.92,18969,24.03,25.2,24.22,26.56,31.86,68.14,26.16,48.78,25.05,-16.979999999999997,-6.1400000000000006,2.4199999999999982,-6.8999999999999995,372
41.963,-87.713,38.7,24.47,20.25,16.57,32.53,67.47,14.6,64.38,21.02,30079,24.03,25.2,24.22,26.56,31.86,68.14,26.16,48.78,25.05,-9.9899999999999984,0.67000000000000171,-11.56,-6.9599999999999982,373
41.879,-87.625,19.07,24.32,20.97,35.65,25.82,74.18,2.1,45.03,52.87,677182,24.03,25.2,24.22,26.56,31.86,68.14,26.16,48.78,25.05,9.09,-6.0399999999999991,-24.06,-7.003333333333333,374
41.842,-87.644,41.14,27.38,22.69,8.79,32.68,67.32,22.03,65.17,12.8,11838,24.03,25.2,24.22,26.56,31.86,68.14,26.16,48.78,25.05,-17.77,0.82000000000000028,-4.129999999999999,-7.0266666666666664,375
41.746,-87.708,31.55,27.72,17.87,22.87,27.1,72.9,13.35,59.6,27.05,258059,24.03,25.2,24.22,26.56,31.86,68.14,26.16,48.78,25.05,-3.6899999999999977,-4.759999999999998,-12.81,-7.086666666666666,376
41.856,-87.683,40.57,22.21,20.28,16.94,31.7,68.3,14.66,70.53,14.81,53718,24.03,25.2,24.22,26.56,31.86,68.14,26.16,48.78,25.05,-9.6199999999999974,-0.16000000000000014,-11.5,-7.0933333333333328,377
41.884,-87.748,33.68,30.1,19.52,16.71,23.78,76.22,22.59,53.57,23.84,50275,24.03,25.2,24.22,26.56,31.86,68.14,26.16,48.78,25.05,-9.8499999999999979,-8.0799999999999983,-3.5700000000000003,-7.1666666666666652,378
42.001,-87.694,30.9,32.79,25.2,11.11,33.28,66.72,18.51,49.68,31.81,20724,24.03,25.2,24.22,26.56,31.86,68.14,26.16,48.78,25.05,-15.45,1.4200000000000017,-7.6499999999999986,-7.2266666666666657,379
41.907,-87.71,35.23,24.99,24.65,15.13,31.74,68.26,15.74,72.4,11.86,43531,24.03,25.2,24.22,26.56,31.86,68.14,26.16,48.78,25.05,-11.429999999999998,-0.120000000000001,-10.42,-7.3233333333333333,380
41.842,-87.613,38.59,27.42,22.55,11.44,39.79,60.21,11.37,68.2,20.42,37399,24.03,25.2,24.22,26.56,31.86,68.14,26.16,48.78,25.05,-15.12,7.93,-14.790000000000001,-7.3266666666666671,381
42.021,-87.67,38.81,30.21,17.98,12.99,28.64,71.36,20.81,45.77,33.42,46011,24.03,25.2,24.22,26.56,31.86,68.14,26.16,48.78,25.05,-13.569999999999999,-3.2199999999999989,-5.3500000000000014,-7.38,382
41.728,-87.63,31.28,27.14,20.57,21.0,24.39,75.61,17.01,52.99,30.0,49464,24.03,25.2,24.22,26.56,31.86,68.14,26.16,48.78,25.05,-5.5599999999999987,-7.4699999999999989,-9.1499999999999986,-7.3933333333333318,383
42.009,-87.695,38.72,34.16,16.0,11.12,23.53,76.47,27.73,41.79,30.48,17813,24.03,25.2,24.22,26.56,31.86,68.14,26.16,48.78,25.05,-15.44,-8.3299999999999983,1.5700000000000003,-7.3999999999999986,384
41.891,-87.752,38.69,27.68,17.81,15.82,26.46,73.54,20.03,55.29,24.68,13300,24.03,25.2,24.22,26.56,31.86,68.14,26.16,48.78,25.05,-10.739999999999998,-5.3999999999999986,-6.129999999999999,-7.423333333333332,385
41.87,-87.685,43.71,20.44,24.41,11.44,30.88,69.12,19.96,66.73,13.31,15230,24.03,25.2,24.22,26.56,31.86,68.14,26.16,48.78,25.05,-15.12,-0.98000000000000043,-6.1999999999999993,-7.4333333333333336,386
41.835,-87.611,32.64,30.37,23.23,13.76,31.62,68.38,16.62,62.16,21.22,85726,24.03,25.2,24.22,26.56,31.86,68.14,26.16,48.78,25.05,-12.799999999999999,-0.23999999999999844,-9.54,-7.5266666666666664,387
41.885,-87.714,25.32,38.65,21.28,14.74,32.21,67.79,15.04,70.18,14.78,27910,24.03,25.2,24.22,26.56,31.86,68.14,26.16,48.78,25.05,-11.819999999999999,0.35000000000000142,-11.120000000000001,-7.5299999999999985,388
41.884,-87.76,34.67,31.92,17.88,15.52,24.17,75.83,22.27,50.74,26.99,52369,24.03,25.2,24.22,26.56,31.86,68.14,26.16,48.78,25.05,-11.04,-7.6899999999999977,-3.8900000000000006,-7.5399999999999991,389
41.742,-87.63,17.66,41.28,27.53,13.53,22.17,77.83,26.18,58.47,15.35,110506,24.03,25.2,24.22,26.56,31.86,68.14,26.16,48.78,25.05,-13.03,-9.6899999999999977,0.019999999999999574,-7.5666666666666664,390
41.928,-87.771,40.61,30.86,16.22,12.3,26.45,73.55,23.12,51.49,25.39,12599,24.03,25.2,24.22,26.56,31.86,68.14,26.16,48.78,25.05,-14.259999999999998,-5.41,-3.0399999999999991,-7.5699999999999994,391
42.009,-87.679,38.13,27.57,23.95,10.35,27.61,72.39,23.87,45.63,30.5,16381,24.03,25.2,24.22,26.56,31.86,68.14,26.16,48.78,25.05,-16.21,-4.25,-2.2899999999999991,-7.583333333333333,392
41.849,-87.624,17.83,37.17,30.02,14.98,31.45,68.55,15.27,61.43,23.3,424498,24.03,25.2,24.22,26.56,31.86,68.14,26.16,48.78,25.05,-11.579999999999998,-0.41000000000000014,-10.89,-7.626666666666666,393
41.913,-87.761,35.58,25.55,18.96,19.91,27.65,72.35,14.12,58.84,27.04,16701,24.03,25.2,24.22,26.56,31.86,68.14,26.16,48.78,25.05,-6.6499999999999986,-4.2100000000000009,-12.040000000000001,-7.6333333333333329,394
41.813,-87.594,27.05,41.5,24.99,6.46,25.95,74.05,29.19,53.04,17.77,19016,24.03,25.2,24.22,26.56,31.86,68.14,26.16,48.78,25.05,-20.099999999999998,-5.91,3.0300000000000011,-7.6599999999999993,395
41.863,-87.654,38.95,27.4,22.82,10.82,28.89,71.11,21.81,63.12,15.06,36815,24.03,25.2,24.22,26.56,31.86,68.14,26.16,48.78,25.05,-15.739999999999998,-2.9699999999999989,-4.3500000000000014,-7.6866666666666665,396
41.961,-87.762,36.46,25.96,21.34,16.24,30.6,69.4,14.49,51.73,33.78,31077,24.03,25.2,24.22,26.56,31.86,68.14,26.16,48.78,25.05,-10.32,-1.259999999999998,-11.67,-7.75,397
41.748,-87.61,37.61,30.08,17.33,14.98,25.02,74.98,21.28,46.39,32.33,47448,24.03,25.2,24.22,26.56,31.86,68.14,26.16,48.78,25.05,-11.579999999999998,-6.84,-4.879999999999999,-7.7666666666666657,398
41.949,-87.797,39.41,26.53,17.0,17.06,29.78,70.22,14.38,52.73,32.88,8378,24.03,25.2,24.22,26.56,31.86,68.14,26.16,48.78,25.05,-9.5,-2.0799999999999983,-11.78,-7.7866666666666662,399
41.884,-87.77,36.08,30.98,17.82,15.12,23.24,76.76,22.73,47.47,29.81,49670,24.03,25.2,24.22,26.56,31.86,68.14,26.16,48.78,25.05,-11.44,-8.620000000000001,-3.4299999999999997,-7.830000000000001,400
41.972,-87.739,25.79,35.06,26.24,12.91,29.11,70.89,19.0,54.81,26.19,37105,24.03,25.2,24.22,26.56,31.86,68.14,26.16,48.78,25.05,-13.649999999999999,-2.75,-7.16,-7.8533333333333326,401
41.835,-87.643,33.94,26.87,23.96,15.23,32.72,67.28,13.01,68.68,18.32,12939,24.03,25.2,24.22,26.56,31.86,68.14,26.16,48.78,25.05,-11.329999999999998,0.85999999999999943,-13.15,-7.8733333333333322,402
41.877,-87.723,33.34,31.97,18.12,16.57,24.37,75.63,19.91,62.94,17.16,15819,24.03,25.2,24.22,26.56,31.86,68.14,26.16,48.78,25.05,-9.9899999999999984,-7.4899999999999984,-6.25,-7.9099999999999993,403
41.971,-87.706,34.91,28.56,24.59,11.94,32.05,67.95,16.37,60.09,23.54,13702,24.03,25.2,24.22,26.56,31.86,68.14,26.16,48.78,25.05,-14.62,0.18999999999999773,-9.79,-8.0733333333333324,404
41.806,-87.604,45.18,28.97,16.55,9.3,25.19,74.81,25.78,49.59,24.63,30523,24.03,25.2,24.22,26.56,31.86,68.14,26.16,48.78,25.05,-17.259999999999998,-6.6699999999999982,-0.379999999999999,-8.1033333333333317,405
41.706,-87.598,27.48,28.2,20.51,23.81,26.15,73.85,10.21,58.77,31.01,117218,24.03,25.2,24.22,26.56,31.86,68.14,26.16,48.78,25.05,-2.75,-5.7100000000000009,-15.95,-8.1366666666666667,406
41.809,-87.614,36.0,29.9,20.2,13.9,28.42,71.58,17.76,58.55,23.69,16839,24.03,25.2,24.22,26.56,31.86,68.14,26.16,48.78,25.05,-12.659999999999998,-3.4399999999999977,-8.3999999999999986,-8.1666666666666643,407
41.994,-87.758,29.2,28.64,20.74,21.42,29.63,70.37,9.0,55.88,35.13,109981,24.03,25.2,24.22,26.56,31.86,68.14,26.16,48.78,25.05,-5.139999999999997,-2.2300000000000004,-17.16,-8.1766666666666659,408
41.959,-87.713,40.23,26.29,21.52,11.96,33.01,66.99,15.02,66.41,18.57,20128,24.03,25.2,24.22,26.56,31.86,68.14,26.16,48.78,25.05,-14.599999999999998,1.1499999999999986,-11.14,-8.1966666666666672,409
41.935,-87.744,23.2,40.09,27.04,9.67,27.11,72.89,23.08,63.11,13.81,13196,24.03,25.2,24.22,26.56,31.86,68.14,26.16,48.78,25.05,-16.89,-4.75,-3.0800000000000018,-8.24,410
41.863,-87.72,36.02,29.45,18.83,15.7,24.67,75.33,19.48,62.56,17.96,42692,24.03,25.2,24.22,26.56,31.86,68.14,26.16,48.78,25.05,-10.86,-7.1899999999999977,-6.68,-8.2433333333333323,411
41.874,-87.662,32.92,32.43,25.68,8.96,23.62,76.38,27.23,54.62,18.16,60772,24.03,25.2,24.22,26.56,31.86,68.14,26.16,48.78,25.05,-17.599999999999998,-8.2399999999999984,1.0700000000000003,-8.2566666666666659,412
41.912,-87.71,24.83,33.62,30.95,10.6,32.57,67.43,16.52,73.22,10.27,9050,24.03,25.2,24.22,26.56,31.86,68.14,26.16,48.78,25.05,-15.959999999999999,0.71000000000000085,-9.64,-8.2966666666666669,413
41.891,-87.76,37.24,30.52,18.38,13.87,24.34,75.66,21.41,48.86,29.73,20750,24.03,25.2,24.22,26.56,31.86,68.14,26.16,48.78,25.05,-12.69,-7.52,-4.75,-8.32,414
41.965,-87.721,42.05,25.44,19.01,13.51,31.44,68.56,14.56,60.78,24.66,24235,24.03,25.2,24.22,26.56,31.86,68.14,26.16,48.78,25.05,-13.049999999999999,-0.41999999999999815,-11.6,-8.3566666666666656,415
41.994,-87.686,42.1,30.72,17.21,9.97,26.37,73.63,23.1,48.03,28.87,35390,24.03,25.2,24.22,26.56,31.86,68.14,26.16,48.78,25.05,-16.589999999999996,-5.4899999999999984,-3.0599999999999987,-8.3799999999999972,416
41.749,-87.601,37.98,29.42,17.66,14.94,24.38,75.62,20.02,46.04,33.94,39070,24.03,25.2,24.22,26.56,31.86,68.14,26.16,48.78,25.05,-11.62,-7.48,-6.1400000000000006,-8.413333333333334,417
41.755,-87.61,33.21,32.25,20.14,14.39,24.38,75.62,20.45,48.31,31.25,30769,24.03,25.2,24.22,26.56,31.86,68.14,26.16,48.78,25.05,-12.169999999999998,-7.48,-5.7100000000000009,-8.4533333333333331,418
41.777,-87.611,33.58,33.19,19.31,13.92,25.44,74.56,19.76,48.22,32.02,37109,24.03,25.2,24.22,26.56,31.86,68.14,26.16,48.78,25.05,-12.639999999999999,-6.4199999999999982,-6.3999999999999986,-8.4866666666666646,419
41.986,-87.769,35.25,29.24,18.12,17.39,27.44,72.56,14.09,58.63,27.28,20588,24.03,25.2,24.22,26.56,31.86,68.14,26.16,48.78,25.05,-9.1699999999999982,-4.4199999999999982,-12.07,-8.5533333333333328,420
41.66,-87.603,31.13,26.15,17.66,25.07,27.98,72.02,5.67,47.36,46.97,84612,24.03,25.2,24.22,26.56,31.86,68.14,26.16,48.78,25.05,-1.4899999999999984,-3.879999999999999,-20.490000000000002,-8.62,421
41.913,-87.775,37.78,28.25,17.97,16.0,26.1,73.9,16.51,49.83,33.66,29320,24.03,25.2,24.22,26.56,31.86,68.14,26.16,48.78,25.05,-10.559999999999999,-5.759999999999998,-9.6499999999999986,-8.6566666666666645,422
41.935,-87.761,45.4,23.39,15.17,16.04,29.75,70.25,12.79,56.66,30.55,18358,24.03,25.2,24.22,26.56,31.86,68.14,26.16,48.78,25.05,-10.52,-2.1099999999999994,-13.370000000000001,-8.6666666666666661,423
41.899,-87.761,41.5,28.68,16.46,13.36,25.63,74.37,19.52,53.6,26.88,14972,24.03,25.2,24.22,26.56,31.86,68.14,26.16,48.78,25.05,-13.2,-6.23,-6.6400000000000006,-8.69,424
41.899,-87.721,41.9,27.51,15.42,15.18,28.61,71.39,14.44,71.72,13.84,36184,24.03,25.2,24.22,26.56,31.86,68.14,26.16,48.78,25.05,-11.379999999999999,-3.25,-11.72,-8.7833333333333332,425
41.844,-87.683,29.92,28.32,25.15,16.61,27.63,72.37,13.88,67.89,18.23,47594,24.03,25.2,24.22,26.56,31.86,68.14,26.16,48.78,25.05,-9.95,-4.23,-12.28,-8.82,426
41.842,-87.628,44.47,26.68,20.58,8.27,27.47,72.53,22.34,58.75,18.92,12751,24.03,25.2,24.22,26.56,31.86,68.14,26.16,48.78,25.05,-18.29,-4.3900000000000006,-3.8200000000000003,-8.8333333333333339,427
41.863,-87.713,42.21,30.12,15.2,12.47,22.85,77.15,22.69,60.43,16.88,18248,24.03,25.2,24.22,26.56,31.86,68.14,26.16,48.78,25.05,-14.089999999999998,-9.009999999999998,-3.4699999999999989,-8.8566666666666638,428
41.99,-87.724,18.68,44.05,27.61,9.66,21.63,78.37,26.71,51.9,21.39,25656,24.03,25.2,24.22,26.56,31.86,68.14,26.16,48.78,25.05,-16.9,-10.23,0.55000000000000071,-8.86,429
41.928,-87.736,36.57,30.94,20.81,11.67,29.46,70.54,16.86,68.22,14.92,18810,24.03,25.2,24.22,26.56,31.86,68.14,26.16,48.78,25.05,-14.889999999999999,-2.3999999999999986,-9.3,-8.8633333333333333,430
41.877,-87.745,39.52,29.48,16.01,14.99,25.45,74.55,17.53,60.46,22.01,38021,24.03,25.2,24.22,26.56,31.86,68.14,26.16,48.78,25.05,-11.569999999999999,-6.41,-8.629999999999999,-8.87,431
41.92,-87.78,42.02,30.4,13.75,13.83,24.8,75.2,19.27,51.78,28.95,10094,24.03,25.2,24.22,26.56,31.86,68.14,26.16,48.78,25.05,-12.729999999999999,-7.0599999999999987,-6.8900000000000006,-8.8933333333333326,432
41.906,-87.722,36.27,29.37,18.5,15.86,29.4,70.6,12.61,74.14,13.25,29312,24.03,25.2,24.22,26.56,31.86,68.14,26.16,48.78,25.05,-10.7,-2.4600000000000009,-13.55,-8.9033333333333342,433
41.936,-87.73,25.09,31.18,33.02,10.71,32.95,67.05,14.17,70.06,15.77,16555,24.03,25.2,24.22,26.56,31.86,68.14,26.16,48.78,25.05,-15.849999999999998,1.0900000000000034,-11.99,-8.9166666666666643,434
41.877,-87.733,42.83,25.62,14.06,17.49,25.6,74.4,14.73,65.83,19.44,10258,24.03,25.2,24.22,26.56,31.86,68.14,26.16,48.78,25.05,-9.07,-6.259999999999998,-11.43,-8.92,435
41.877,-87.728,36.28,28.69,20.19,14.84,23.44,76.56,19.51,61.32,19.17,10517,24.03,25.2,24.22,26.56,31.86,68.14,26.16,48.78,25.05,-11.719999999999999,-8.4199999999999982,-6.6499999999999986,-8.9299999999999979,436
41.787,-87.634,27.64,32.84,23.6,15.92,23.39,76.61,18.47,57.79,23.74,16380,24.03,25.2,24.22,26.56,31.86,68.14,26.16,48.78,25.05,-10.639999999999999,-8.4699999999999989,-7.6900000000000013,-8.9333333333333336,437
41.906,-87.761,39.48,29.9,17.09,13.54,25.86,74.14,18.35,55.08,26.57,27791,24.03,25.2,24.22,26.56,31.86,68.14,26.16,48.78,25.05,-13.02,-6.0,-7.8099999999999987,-8.9433333333333334,438
41.755,-87.62,31.16,34.21,21.74,12.89,21.4,78.6,23.43,48.08,28.49,14037,24.03,25.2,24.22,26.56,31.86,68.14,26.16,48.78,25.05,-13.669999999999998,-10.46,-2.7300000000000004,-8.9533333333333331,439
41.769,-87.62,36.77,31.22,17.27,14.74,24.57,75.43,18.31,50.15,31.54,34262,24.03,25.2,24.22,26.56,31.86,68.14,26.16,48.78,25.05,-11.819999999999999,-7.2899999999999991,-7.8500000000000014,-8.9866666666666664,440
42.006,-87.902,32.51,27.58,12.29,27.63,24.75,75.25,5.18,55.47,39.35,36475,24.03,25.2,24.22,26.56,31.86,68.14,26.16,48.78,25.05,1.0700000000000003,-7.1099999999999994,-20.98,-9.0066666666666659,441
41.899,-87.709,25.7,35.34,29.7,9.25,28.31,71.69,19.95,67.38,12.67,31759,24.03,25.2,24.22,26.56,31.86,68.14,26.16,48.78,25.05,-17.31,-3.5500000000000007,-6.2100000000000009,-9.0233333333333334,442
41.92,-87.771,43.9,27.05,15.19,13.86,24.37,75.63,19.25,52.42,28.33,11556,24.03,25.2,24.22,26.56,31.86,68.14,26.16,48.78,25.05,-12.7,-7.4899999999999984,-6.91,-9.0333333333333332,443
41.762,-87.61,35.3,31.33,18.86,14.51,23.62,76.38,19.34,50.07,30.59,42712,24.03,25.2,24.22,26.56,31.86,68.14,26.16,48.78,25.05,-12.049999999999999,-8.2399999999999984,-6.82,-9.0366666666666671,444
41.891,-87.77,40.73,30.3,16.37,12.6,23.83,76.17,20.94,47.73,31.33,24370,24.03,25.2,24.22,26.56,31.86,68.14,26.16,48.78,25.05,-13.959999999999999,-8.0300000000000011,-5.2199999999999989,-9.07,445
41.828,-87.614,33.61,37.25,19.89,9.25,23.2,76.8,24.9,57.89,17.21,28090,24.03,25.2,24.22,26.56,31.86,68.14,26.16,48.78,25.05,-17.31,-8.66,-1.2600000000000016,-9.0766666666666662,446
41.837,-87.653,39.41,26.15,20.59,13.84,32.0,68.0,11.47,72.47,16.05,22132,24.03,25.2,24.22,26.56,31.86,68.14,26.16,48.78,25.05,-12.719999999999999,0.14000000000000057,-14.69,-9.0899999999999981,447
41.834,-87.619,21.85,36.37,34.22,7.56,31.14,68.86,18.58,61.37,20.05,8639,24.03,25.2,24.22,26.56,31.86,68.14,26.16,48.78,25.05,-19.0,-0.71999999999999886,-7.5800000000000018,-9.1,448
41.862,-87.732,37.54,31.17,16.36,14.93,24.95,75.05,17.3,62.04,20.66,37051,24.03,25.2,24.22,26.56,31.86,68.14,26.16,48.78,25.05,-11.629999999999999,-6.91,-8.86,-9.1333333333333329,449
41.758,-87.563,36.38,32.02,16.07,15.53,24.6,75.4,17.05,40.94,42.0,33360,24.03,25.2,24.22,26.56,31.86,68.14,26.16,48.78,25.05,-11.03,-7.259999999999998,-9.11,-9.1333333333333329,449
41.806,-87.594,41.25,24.17,25.62,8.95,23.72,76.28,24.41,47.66,27.94,15746,24.03,25.2,24.22,26.56,31.86,68.14,26.16,48.78,25.05,-17.61,-8.14,-1.75,-9.1666666666666661,451
41.857,-87.716,38.96,31.63,16.63,12.78,22.96,77.04,21.26,61.42,17.32,19210,24.03,25.2,24.22,26.56,31.86,68.14,26.16,48.78,25.05,-13.78,-8.8999999999999986,-4.8999999999999986,-9.1933333333333334,452
41.935,-87.738,42.15,28.47,17.66,11.73,29.34,70.66,15.91,66.82,17.27,11291,24.03,25.2,24.22,26.56,31.86,68.14,26.16,48.78,25.05,-14.829999999999998,-2.5199999999999996,-10.25,-9.2,453
41.762,-87.63,40.73,28.0,17.67,13.61,22.67,77.33,20.66,48.17,31.17,23553,24.03,25.2,24.22,26.56,31.86,68.14,26.16,48.78,25.05,-12.95,-9.1899999999999977,-5.5,-9.2133333333333329,454
41.862,-87.708,38.74,32.94,14.92,13.39,21.85,78.15,21.57,61.64,16.79,29423,24.03,25.2,24.22,26.56,31.86,68.14,26.16,48.78,25.05,-13.169999999999998,-10.009999999999998,-4.59,-9.2566666666666659,455
41.744,-87.62,35.72,34.89,17.91,11.47,23.1,76.9,22.19,46.36,31.45,30260,24.03,25.2,24.22,26.56,31.86,68.14,26.16,48.78,25.05,-15.089999999999998,-8.759999999999998,-3.9699999999999989,-9.2733333333333317,456
41.871,-87.689,43.29,22.82,22.48,11.41,28.58,71.42,16.75,68.44,14.81,31189,24.03,25.2,24.22,26.56,31.86,68.14,26.16,48.78,25.05,-15.149999999999999,-3.2800000000000011,-9.41,-9.28,457
41.761,-87.64,36.96,31.63,17.69,13.73,24.1,75.9,18.68,51.4,29.92,14460,24.03,25.2,24.22,26.56,31.86,68.14,26.16,48.78,25.05,-12.829999999999998,-7.759999999999998,-7.48,-9.3566666666666656,458
41.777,-87.623,34.55,36.25,14.55,14.64,21.2,78.8,20.64,54.02,25.34,10931,24.03,25.2,24.22,26.56,31.86,68.14,26.16,48.78,25.05,-11.919999999999998,-10.66,-5.52,-9.3666666666666654,459
41.791,-87.623,39.69,29.35,15.8,15.15,23.5,76.5,17.8,56.39,25.82,28316,24.03,25.2,24.22,26.56,31.86,68.14,26.16,48.78,25.05,-11.409999999999998,-8.36,-8.36,-9.3766666666666652,460
41.764,-87.581,36.36,31.03,17.74,14.87,23.72,76.28,17.76,43.83,38.41,36377,24.03,25.2,24.22,26.56,31.86,68.14,26.16,48.78,25.05,-11.69,-8.14,-8.3999999999999986,-9.4099999999999984,461
41.776,-87.58,30.8,31.28,25.84,12.08,27.08,72.92,16.99,45.91,37.11,48192,24.03,25.2,24.22,26.56,31.86,68.14,26.16,48.78,25.05,-14.479999999999999,-4.7800000000000011,-9.1700000000000017,-9.4766666666666666,462
41.987,-87.704,19.25,43.84,28.21,8.71,20.54,79.46,26.87,51.84,21.28,9232,24.03,25.2,24.22,26.56,31.86,68.14,26.16,48.78,25.05,-17.849999999999998,-11.32,0.71000000000000085,-9.4866666666666664,463
41.783,-87.621,40.17,32.02,15.08,12.73,23.22,76.78,20.17,51.99,27.85,30292,24.03,25.2,24.22,26.56,31.86,68.14,26.16,48.78,25.05,-13.829999999999998,-8.64,-5.9899999999999984,-9.4866666666666664,463
41.98,-87.914,21.0,25.68,23.87,29.45,24.76,75.24,1.88,18.43,79.69,1139276,24.03,25.2,24.22,26.56,31.86,68.14,26.16,48.78,25.05,2.8900000000000006,-7.0999999999999979,-24.28,-9.4966666666666661,465
41.782,-87.73,47.75,29.0,11.01,12.23,20.61,79.39,23.24,41.72,35.03,14577,24.03,25.2,24.22,26.56,31.86,68.14,26.16,48.78,25.05,-14.329999999999998,-11.25,-2.9200000000000017,-9.5,466
41.973,-87.773,49.15,22.51,16.43,11.91,28.01,71.99,16.07,56.02,27.92,11266,24.03,25.2,24.22,26.56,31.86,68.14,26.16,48.78,25.05,-14.649999999999999,-3.8499999999999979,-10.09,-9.53,467
41.95,-87.762,43.54,24.37,17.52,14.57,26.49,73.51,14.91,50.71,34.38,10837,24.03,25.2,24.22,26.56,31.86,68.14,26.16,48.78,25.05,-11.989999999999998,-5.370000000000001,-11.25,-9.5366666666666671,468
41.834,-87.668,20.92,40.72,25.99,12.37,25.23,74.77,18.34,64.3,17.36,25554,24.03,25.2,24.22,26.56,31.86,68.14,26.16,48.78,25.05,-14.19,-6.629999999999999,-7.82,-9.5466666666666669,469
41.942,-87.797,47.91,24.14,15.95,12.0,27.12,72.88,16.81,48.06,35.13,15753,24.03,25.2,24.22,26.56,31.86,68.14,26.16,48.78,25.05,-14.559999999999999,-4.7399999999999984,-9.3500000000000014,-9.5499999999999989,470
41.928,-87.751,44.24,24.79,17.63,13.33,28.27,71.73,14.29,62.81,22.89,19521,24.03,25.2,24.22,26.56,31.86,68.14,26.16,48.78,25.05,-13.229999999999999,-3.59,-11.870000000000001,-9.5633333333333344,471
41.854,-87.694,30.21,33.45,23.45,12.89,25.62,74.38,17.28,67.11,15.61,21344,24.03,25.2,24.22,26.56,31.86,68.14,26.16,48.78,25.05,-13.669999999999998,-6.2399999999999984,-8.879999999999999,-9.5966666666666658,472
41.741,-87.61,26.94,37.41,23.63,12.02,20.44,79.56,23.2,51.53,25.28,33063,24.03,25.2,24.22,26.56,31.86,68.14,26.16,48.78,25.05,-14.54,-11.419999999999998,-2.9600000000000009,-9.6399999999999988,473
41.755,-87.651,38.8,30.14,17.62,13.44,24.16,75.84,18.04,51.59,30.37,43399,24.03,25.2,24.22,26.56,31.86,68.14,26.16,48.78,25.05,-13.12,-7.6999999999999993,-8.120000000000001,-9.6466666666666665,474
41.754,-87.56,37.58,31.75,17.54,13.13,23.66,76.34,18.83,43.5,37.67,23267,24.03,25.2,24.22,26.56,31.86,68.14,26.16,48.78,25.05,-13.429999999999998,-8.2,-7.3300000000000018,-9.6533333333333324,475
41.906,-87.734,31.07,34.16,21.31,13.47,26.23,73.77,15.88,69.43,14.68,41688,24.03,25.2,24.22,26.56,31.86,68.14,26.16,48.78,25.05,-13.089999999999998,-5.629999999999999,-10.28,-9.6666666666666661,476
41.797,-87.745,21.78,38.03,26.41,13.78,33.22,66.78,8.49,28.26,63.25,13161,24.03,25.2,24.22,26.56,31.86,68.14,26.16,48.78,25.05,-12.78,1.3599999999999994,-17.67,-9.6966666666666672,477
41.807,-87.609,35.83,33.06,22.49,8.62,23.36,76.64,23.44,53.81,22.75,36060,24.03,25.2,24.22,26.56,31.86,68.14,26.16,48.78,25.05,-17.939999999999998,-8.5,-2.7199999999999989,-9.7199999999999989,478
41.906,-87.771,40.76,30.23,16.63,12.38,26.51,73.49,16.5,51.32,32.18,11839,24.03,25.2,24.22,26.56,31.86,68.14,26.16,48.78,25.05,-14.179999999999998,-5.3499999999999979,-9.66,-9.7299999999999986,479
41.791,-87.618,44.01,25.31,19.26,11.43,25.16,74.84,18.76,53.01,28.23,13305,24.03,25.2,24.22,26.56,31.86,68.14,26.16,48.78,25.05,-15.129999999999999,-6.6999999999999993,-7.3999999999999986,-9.7433333333333323,480
41.813,-87.604,34.27,35.13,19.36,11.25,20.87,79.13,23.22,54.37,22.41,38830,24.03,25.2,24.22,26.56,31.86,68.14,26.16,48.78,25.05,-15.309999999999999,-10.989999999999998,-2.9400000000000013,-9.7466666666666661,481
41.685,-87.671,22.92,39.84,27.06,10.17,23.58,76.42,21.58,44.69,33.74,48295,24.03,25.2,24.22,26.56,31.86,68.14,26.16,48.78,25.05,-16.39,-8.2800000000000011,-4.5800000000000018,-9.7500000000000018,482
41.989,-87.804,22.79,43.01,21.78,12.42,26.66,73.34,16.2,56.45,27.35,11478,24.03,25.2,24.22,26.56,31.86,68.14,26.16,48.78,25.05,-14.139999999999999,-5.1999999999999993,-9.96,-9.7666666666666657,483
41.813,-87.619,42.05,27.68,18.11,12.16,29.71,70.29,13.4,63.2,23.41,22012,24.03,25.2,24.22,26.56,31.86,68.14,26.16,48.78,25.05,-14.399999999999999,-2.1499999999999986,-12.76,-9.7699999999999978,484
41.868,-87.701,47.15,27.55,12.28,13.02,23.23,76.77,19.01,65.78,15.22,8681,24.03,25.2,24.22,26.56,31.86,68.14,26.16,48.78,25.05,-13.54,-8.629999999999999,-7.1499999999999986,-9.7733333333333317,485
41.814,-87.612,31.53,31.73,24.5,12.24,26.05,73.95,16.84,60.64,22.52,19601,24.03,25.2,24.22,26.56,31.86,68.14,26.16,48.78,25.05,-14.319999999999999,-5.8099999999999987,-9.32,-9.8166666666666647,486
41.926,-87.761,49.31,23.79,14.61,12.29,26.8,73.2,16.0,55.87,28.12,10223,24.03,25.2,24.22,26.56,31.86,68.14,26.16,48.78,25.05,-14.27,-5.0599999999999987,-10.16,-9.83,487
41.813,-87.599,41.54,29.13,19.71,9.62,24.97,75.03,20.32,56.64,23.03,9526,24.03,25.2,24.22,26.56,31.86,68.14,26.16,48.78,25.05,-16.939999999999998,-6.8900000000000006,-5.84,-9.8899999999999988,488
41.767,-87.671,28.28,39.53,22.07,10.12,22.68,77.32,22.04,55.52,22.44,11099,24.03,25.2,24.22,26.56,31.86,68.14,26.16,48.78,25.05,-16.439999999999998,-9.18,-4.120000000000001,-9.9133333333333322,489
41.703,-87.615,35.33,30.84,21.1,12.74,22.95,77.05,19.11,46.04,34.85,29319,24.03,25.2,24.22,26.56,31.86,68.14,26.16,48.78,25.05,-13.819999999999999,-8.91,-7.0500000000000007,-9.9266666666666659,490
41.981,-87.827,42.17,24.89,20.61,12.32,32.02,67.98,10.45,53.56,35.99,15903,24.03,25.2,24.22,26.56,31.86,68.14,26.16,48.78,25.05,-14.239999999999998,0.16000000000000369,-15.71,-9.9299999999999979,491
41.915,-87.732,34.16,32.27,20.64,12.93,27.62,72.38,14.19,71.28,14.53,14668,24.03,25.2,24.22,26.56,31.86,68.14,26.16,48.78,25.05,-13.629999999999999,-4.2399999999999984,-11.97,-9.9466666666666654,492
41.983,-87.877,23.33,32.41,23.94,20.32,29.17,70.83,5.23,44.79,49.98,318188,24.03,25.2,24.22,26.56,31.86,68.14,26.16,48.78,25.05,-6.2399999999999984,-2.6899999999999977,-20.93,-9.9533333333333314,493
41.762,-87.62,32.66,36.12,19.85,11.36,22.81,77.19,20.45,48.35,31.2,18716,24.03,25.2,24.22,26.56,31.86,68.14,26.16,48.78,25.05,-15.2,-9.05,-5.7100000000000009,-9.9866666666666664,494
41.95,-87.752,42.62,22.9,20.91,13.57,29.06,70.94,11.95,55.97,32.09,16265,24.03,25.2,24.22,26.56,31.86,68.14,26.16,48.78,25.05,-12.989999999999998,-2.8000000000000007,-14.21,-10.0,495
41.747,-87.573,36.53,32.85,19.06,11.56,23.41,76.59,19.6,47.18,33.21,32604,24.03,25.2,24.22,26.56,31.86,68.14,26.16,48.78,25.05,-14.999999999999998,-8.45,-6.5599999999999987,-10.003333333333332,496
41.898,-87.77,43.07,29.8,14.92,12.2,25.24,74.76,17.11,53.13,29.76,22698,24.03,25.2,24.22,26.56,31.86,68.14,26.16,48.78,25.05,-14.36,-6.620000000000001,-9.05,-10.01,497
41.935,-87.752,42.57,28.22,17.29,11.92,26.68,73.32,15.87,57.72,26.41,15717,24.03,25.2,24.22,26.56,31.86,68.14,26.16,48.78,25.05,-14.639999999999999,-5.18,-10.290000000000001,-10.036666666666667,498
41.892,-87.719,38.19,30.74,16.3,14.77,24.96,75.04,14.74,69.83,15.42,55154,24.03,25.2,24.22,26.56,31.86,68.14,26.16,48.78,25.05,-11.79,-6.8999999999999986,-11.42,-10.036666666666667,498
41.783,-87.613,43.22,28.85,16.93,11.0,24.87,75.13,18.58,48.15,33.27,18617,24.03,25.2,24.22,26.56,31.86,68.14,26.16,48.78,25.05,-15.559999999999999,-6.9899999999999984,-7.5800000000000018,-10.043333333333333,500
41.868,-87.714,30.19,38.07,20.38,11.36,20.15,79.85,22.91,59.55,17.54,48116,24.03,25.2,24.22,26.56,31.86,68.14,26.16,48.78,25.05,-15.2,-11.71,-3.25,-10.053333333333333,501
41.664,-87.541,27.13,27.38,21.56,23.92,24.16,75.84,6.34,53.31,40.35,48556,24.03,25.2,24.22,26.56,31.86,68.14,26.16,48.78,25.05,-2.639999999999997,-7.6999999999999993,-19.82,-10.053333333333333,501
41.777,-87.596,36.76,36.22,17.86,9.15,24.18,75.82,21.06,41.13,37.82,35223,24.03,25.2,24.22,26.56,31.86,68.14,26.16,48.78,25.05,-17.409999999999997,-7.68,-5.1000000000000014,-10.063333333333333,503
41.82,-87.621,37.76,30.34,20.21,11.69,27.23,72.77,15.39,64.04,20.57,43218,24.03,25.2,24.22,26.56,31.86,68.14,26.16,48.78,25.05,-14.87,-4.629999999999999,-10.77,-10.09,504
41.755,-87.571,37.44,31.33,22.12,9.11,24.89,75.11,20.27,40.87,38.86,10249,24.03,25.2,24.22,26.56,31.86,68.14,26.16,48.78,25.05,-17.45,-6.9699999999999989,-5.8900000000000006,-10.103333333333333,505
41.77,-87.574,40.02,29.6,17.46,12.91,25.65,74.35,15.7,43.5,40.8,33135,24.03,25.2,24.22,26.56,31.86,68.14,26.16,48.78,25.05,-13.649999999999999,-6.2100000000000009,-10.46,-10.106666666666667,506
41.876,-87.694,38.35,27.9,23.24,10.51,26.2,73.8,17.54,64.79,17.67,23068,24.03,25.2,24.22,26.56,31.86,68.14,26.16,48.78,25.05,-16.049999999999997,-5.66,-8.620000000000001,-10.11,507
41.877,-87.681,33.78,32.9,20.66,12.66,22.76,77.24,18.77,63.67,17.56,54202,24.03,25.2,24.22,26.56,31.86,68.14,26.16,48.78,25.05,-13.899999999999999,-9.0999999999999979,-7.3900000000000006,-10.129999999999999,508
41.746,-87.592,36.46,33.7,19.78,10.06,22.83,77.17,21.03,46.05,32.93,51570,24.03,25.2,24.22,26.56,31.86,68.14,26.16,48.78,25.05,-16.5,-9.0300000000000011,-5.129999999999999,-10.22,509
41.899,-87.752,40.14,30.58,15.29,13.99,21.76,78.24,18.16,57.51,24.33,24146,24.03,25.2,24.22,26.56,31.86,68.14,26.16,48.78,25.05,-12.569999999999999,-10.099999999999998,-8.0,-10.223333333333331,510
41.77,-87.589,38.16,34.57,18.48,8.79,22.84,77.16,22.22,45.99,31.79,20227,24.03,25.2,24.22,26.56,31.86,68.14,26.16,48.78,25.05,-17.77,-9.02,-3.9400000000000013,-10.243333333333334,511
41.741,-87.601,36.01,32.91,19.37,11.71,21.07,78.93,20.93,50.26,28.8,37881,24.03,25.2,24.22,26.56,31.86,68.14,26.16,48.78,25.05,-14.849999999999998,-10.79,-5.23,-10.29,512
41.769,-87.566,41.72,27.33,19.58,11.38,29.08,70.92,13.2,45.45,41.35,24653,24.03,25.2,24.22,26.56,31.86,68.14,26.16,48.78,25.05,-15.179999999999998,-2.7800000000000011,-12.96,-10.306666666666667,513
41.728,-87.596,30.33,31.63,21.12,16.92,21.64,78.36,15.03,54.88,30.1,56836,24.03,25.2,24.22,26.56,31.86,68.14,26.16,48.78,25.05,-9.639999999999997,-10.219999999999999,-11.13,-10.329999999999998,514
41.8,-87.618,29.94,36.7,22.91,10.45,24.07,75.93,19.04,59.13,21.83,24068,24.03,25.2,24.22,26.56,31.86,68.14,26.16,48.78,25.05,-16.11,-7.7899999999999991,-7.120000000000001,-10.34,515
41.942,-87.747,37.65,29.33,21.98,11.04,27.74,72.26,14.77,57.22,28.01,15390,24.03,25.2,24.22,26.56,31.86,68.14,26.16,48.78,25.05,-15.52,-4.120000000000001,-11.39,-10.343333333333334,516
41.942,-87.762,43.93,24.98,17.27,13.82,26.9,73.1,12.76,54.44,32.8,15497,24.03,25.2,24.22,26.56,31.86,68.14,26.16,48.78,25.05,-12.739999999999998,-4.9600000000000009,-13.4,-10.366666666666667,517
41.777,-87.603,39.17,31.11,21.63,8.08,22.66,77.34,22.53,45.45,32.02,31079,24.03,25.2,24.22,26.56,31.86,68.14,26.16,48.78,25.05,-18.479999999999997,-9.2,-3.629999999999999,-10.436666666666666,518
41.748,-87.649,34.15,35.84,18.84,11.17,21.41,78.59,20.67,50.38,28.95,45180,24.03,25.2,24.22,26.56,31.86,68.14,26.16,48.78,25.05,-15.389999999999999,-10.45,-5.4899999999999984,-10.443333333333332,519
41.756,-87.552,37.84,30.48,17.41,14.27,25.27,74.73,13.31,42.08,44.6,51240,24.03,25.2,24.22,26.56,31.86,68.14,26.16,48.78,25.05,-12.29,-6.59,-12.85,-10.576666666666666,520
41.74,-87.649,41.23,31.3,16.34,11.13,22.01,77.99,19.6,46.9,33.51,12845,24.03,25.2,24.22,26.56,31.86,68.14,26.16,48.78,25.05,-15.429999999999998,-9.8499999999999979,-6.5599999999999987,-10.613333333333332,521
41.808,-87.699,35.6,34.4,18.2,11.8,20.63,79.37,20.29,55.79,23.92,28834,24.03,25.2,24.22,26.56,31.86,68.14,26.16,48.78,25.05,-14.759999999999998,-11.23,-5.870000000000001,-10.62,522
41.871,-87.729,43.26,27.61,15.71,13.42,24.59,75.41,14.67,67.3,18.03,9423,24.03,25.2,24.22,26.56,31.86,68.14,26.16,48.78,25.05,-13.139999999999999,-7.27,-11.49,-10.633333333333333,523
41.876,-87.718,41.32,28.34,15.45,14.88,20.9,79.1,16.86,65.32,17.81,11945,24.03,25.2,24.22,26.56,31.86,68.14,26.16,48.78,25.05,-11.679999999999998,-10.96,-9.3,-10.646666666666667,524
41.815,-87.709,51.78,22.7,12.85,12.68,23.72,76.28,15.91,52.27,31.83,8757,24.03,25.2,24.22,26.56,31.86,68.14,26.16,48.78,25.05,-13.879999999999999,-8.14,-10.25,-10.756666666666666,525
41.895,-87.734,33.24,34.48,20.44,11.84,23.41,76.59,16.55,66.3,17.15,37964,24.03,25.2,24.22,26.56,31.86,68.14,26.16,48.78,25.05,-14.719999999999999,-8.45,-9.61,-10.926666666666668,526
41.878,-87.699,38.87,27.38,21.37,12.39,22.37,77.63,17.04,67.22,15.74,12707,24.03,25.2,24.22,26.56,31.86,68.14,26.16,48.78,25.05,-14.169999999999998,-9.4899999999999984,-9.120000000000001,-10.926666666666668,526
41.855,-87.732,42.2,29.36,16.08,12.37,23.22,76.78,16.09,61.98,21.93,19821,24.03,25.2,24.22,26.56,31.86,68.14,26.16,48.78,25.05,-14.19,-8.64,-10.07,-10.966666666666667,528
41.808,-87.621,40.04,30.41,19.22,10.33,25.1,74.9,15.88,60.99,23.13,16573,24.03,25.2,24.22,26.56,31.86,68.14,26.16,48.78,25.05,-16.229999999999997,-6.759999999999998,-10.28,-11.089999999999998,529
41.877,-87.752,28.94,38.52,20.82,11.73,18.26,81.74,21.14,57.6,21.26,27692,24.03,25.2,24.22,26.56,31.86,68.14,26.16,48.78,25.05,-14.829999999999998,-13.599999999999998,-5.02,-11.149999999999999,530
41.79,-87.699,46.37,27.2,15.88,10.56,22.9,77.1,17.63,51.54,30.83,10941,24.03,25.2,24.22,26.56,31.86,68.14,26.16,48.78,25.05,-15.999999999999998,-8.96,-8.5300000000000011,-11.163333333333334,531
41.77,-87.581,38.09,32.39,18.85,10.67,24.02,75.98,16.32,45.87,37.81,46373,24.03,25.2,24.22,26.56,31.86,68.14,26.16,48.78,25.05,-15.889999999999999,-7.84,-9.84,-11.189999999999998,532
41.92,-87.73,45.62,28.42,15.26,10.7,26.26,73.74,14.02,74.04,11.94,10995,24.03,25.2,24.22,26.56,31.86,68.14,26.16,48.78,25.05,-15.86,-5.5999999999999979,-12.14,-11.199999999999998,533
41.74,-87.658,37.0,33.82,20.15,9.03,23.01,76.99,18.9,51.85,29.25,9202,24.03,25.2,24.22,26.56,31.86,68.14,26.16,48.78,25.05,-17.53,-8.8499999999999979,-7.2600000000000016,-11.213333333333333,534
41.689,-87.617,31.02,33.21,27.19,8.58,19.84,80.16,22.51,45.74,31.75,20780,24.03,25.2,24.22,26.56,31.86,68.14,26.16,48.78,25.05,-17.979999999999997,-12.02,-3.6499999999999986,-11.216666666666663,535
41.981,-87.655,37.33,27.54,28.48,6.65,28.42,71.58,15.82,57.55,26.62,7899,24.03,25.2,24.22,26.56,31.86,68.14,26.16,48.78,25.05,-19.909999999999997,-3.4399999999999977,-10.34,-11.229999999999999,536
41.762,-87.732,23.31,37.11,27.28,12.3,22.19,77.81,16.36,56.38,27.25,26041,24.03,25.2,24.22,26.56,31.86,68.14,26.16,48.78,25.05,-14.259999999999998,-9.6699999999999982,-9.8,-11.243333333333332,537
41.834,-87.681,36.09,31.77,21.22,10.92,28.45,71.55,11.48,70.46,18.06,7607,24.03,25.2,24.22,26.56,31.86,68.14,26.16,48.78,25.05,-15.639999999999999,-3.41,-14.68,-11.243333333333332,537
41.734,-87.653,28.1,42.67,19.98,9.25,20.2,79.8,21.3,52.29,26.42,15998,24.03,25.2,24.22,26.56,31.86,68.14,26.16,48.78,25.05,-17.31,-11.66,-4.8599999999999994,-11.276666666666666,539
41.83,-87.724,17.1,29.77,32.66,20.47,22.8,77.2,7.39,53.16,39.45,17559,24.03,25.2,24.22,26.56,31.86,68.14,26.16,48.78,25.05,-6.09,-9.0599999999999987,-18.77,-11.306666666666667,540
41.797,-87.699,54.52,24.57,11.75,9.15,24.56,75.44,16.93,45.3,37.77,9605,24.03,25.2,24.22,26.56,31.86,68.14,26.16,48.78,25.05,-17.409999999999997,-7.3000000000000007,-9.23,-11.313333333333333,541
41.978,-87.716,25.71,35.79,25.4,13.1,22.99,77.01,14.54,56.72,28.73,48829,24.03,25.2,24.22,26.56,31.86,68.14,26.16,48.78,25.05,-13.459999999999999,-8.870000000000001,-11.620000000000001,-11.316666666666668,542
41.82,-87.61,40.16,32.21,19.21,8.42,28.14,71.86,14.06,63.02,22.92,10775,24.03,25.2,24.22,26.56,31.86,68.14,26.16,48.78,25.05,-18.14,-3.7199999999999989,-12.1,-11.32,543
41.827,-87.619,22.81,42.64,26.58,7.97,25.55,74.45,16.9,63.44,19.65,14058,24.03,25.2,24.22,26.56,31.86,68.14,26.16,48.78,25.05,-18.59,-6.3099999999999987,-9.2600000000000016,-11.386666666666665,544
42.001,-87.702,48.45,33.76,13.15,4.64,18.42,81.58,27.34,47.0,25.66,21048,24.03,25.2,24.22,26.56,31.86,68.14,26.16,48.78,25.05,-21.919999999999998,-13.439999999999998,1.1799999999999997,-11.393333333333333,545
41.727,-87.658,39.51,31.71,17.36,11.42,23.37,76.63,15.58,50.37,34.05,40900,24.03,25.2,24.22,26.56,31.86,68.14,26.16,48.78,25.05,-15.139999999999999,-8.4899999999999984,-10.58,-11.403333333333331,546
41.886,-87.699,23.8,38.45,24.13,13.62,22.13,77.87,14.61,68.61,16.78,21198,24.03,25.2,24.22,26.56,31.86,68.14,26.16,48.78,25.05,-12.94,-9.73,-11.55,-11.406666666666666,547
41.934,-87.799,49.85,27.9,12.95,9.3,23.13,76.87,17.89,46.5,35.61,14284,24.03,25.2,24.22,26.56,31.86,68.14,26.16,48.78,25.05,-17.259999999999998,-8.73,-8.27,-11.42,548
41.869,-87.756,30.68,37.5,17.99,13.84,18.48,81.52,17.98,55.78,26.24,36185,24.03,25.2,24.22,26.56,31.86,68.14,26.16,48.78,25.05,-12.719999999999999,-13.379999999999999,-8.18,-11.426666666666668,549
41.79,-87.73,48.05,29.29,12.13,10.53,20.82,79.18,18.86,43.22,37.92,10575,24.03,25.2,24.22,26.56,31.86,68.14,26.16,48.78,25.05,-16.03,-11.04,-7.3000000000000007,-11.456666666666669,550
41.991,-87.74,29.44,29.73,27.7,13.12,31.82,68.18,5.18,50.05,44.77,14160,24.03,25.2,24.22,26.56,31.86,68.14,26.16,48.78,25.05,-13.44,-0.039999999999999147,-20.98,-11.486666666666666,551
41.987,-87.713,45.76,32.14,15.93,6.18,25.16,74.84,18.77,51.15,30.07,18587,24.03,25.2,24.22,26.56,31.86,68.14,26.16,48.78,25.05,-20.38,-6.6999999999999993,-7.3900000000000006,-11.49,552
41.82,-87.601,41.13,31.16,17.52,10.19,25.17,74.83,14.74,61.7,23.56,38206,24.03,25.2,24.22,26.56,31.86,68.14,26.16,48.78,25.05,-16.369999999999997,-6.6899999999999977,-11.42,-11.493333333333332,553
41.872,-87.706,45.86,29.72,13.6,10.81,22.37,77.63,16.9,65.49,17.61,19442,24.03,25.2,24.22,26.56,31.86,68.14,26.16,48.78,25.05,-15.749999999999998,-9.4899999999999984,-9.2600000000000016,-11.5,554
41.912,-87.734,35.76,35.83,19.78,8.63,21.44,78.56,19.9,69.26,10.84,12988,24.03,25.2,24.22,26.56,31.86,68.14,26.16,48.78,25.05,-17.93,-10.419999999999998,-6.2600000000000016,-11.536666666666667,555
41.777,-87.693,41.31,30.14,14.84,13.71,22.83,77.17,13.2,55.48,31.32,27642,24.03,25.2,24.22,26.56,31.86,68.14,26.16,48.78,25.05,-12.849999999999998,-9.0300000000000011,-12.96,-11.613333333333335,556
41.762,-87.649,40.68,32.34,16.87,10.1,20.13,79.87,19.4,49.4,31.2,11155,24.03,25.2,24.22,26.56,31.86,68.14,26.16,48.78,25.05,-16.46,-11.73,-6.7600000000000016,-11.65,557
41.742,-87.579,31.81,40.41,19.84,7.93,20.16,79.84,21.48,49.61,28.91,21820,24.03,25.2,24.22,26.56,31.86,68.14,26.16,48.78,25.05,-18.63,-11.7,-4.68,-11.67,558
41.701,-87.6,21.14,38.92,26.7,13.24,22.31,77.69,13.88,63.78,22.33,54059,24.03,25.2,24.22,26.56,31.86,68.14,26.16,48.78,25.05,-13.319999999999999,-9.55,-12.28,-11.716666666666667,559
41.92,-87.751,41.68,30.65,16.23,11.44,24.1,75.9,13.8,65.42,20.79,18752,24.03,25.2,24.22,26.56,31.86,68.14,26.16,48.78,25.05,-15.12,-7.759999999999998,-12.36,-11.746666666666664,560
41.765,-87.564,38.53,34.05,14.96,12.46,24.52,75.48,12.33,41.24,46.43,14121,24.03,25.2,24.22,26.56,31.86,68.14,26.16,48.78,25.05,-14.099999999999998,-7.34,-13.83,-11.756666666666666,561
41.754,-87.671,35.81,35.92,16.41,11.86,22.76,77.24,14.45,56.03,29.52,30972,24.03,25.2,24.22,26.56,31.86,68.14,26.16,48.78,25.05,-14.7,-9.0999999999999979,-11.71,-11.836666666666666,562
41.848,-87.703,43.47,27.54,16.73,12.25,24.24,75.76,12.39,69.43,18.18,10620,24.03,25.2,24.22,26.56,31.86,68.14,26.16,48.78,25.05,-14.309999999999999,-7.620000000000001,-13.77,-11.9,563
41.816,-87.652,21.2,41.5,21.47,15.83,21.24,78.76,11.64,67.38,20.97,40480,24.03,25.2,24.22,26.56,31.86,68.14,26.16,48.78,25.05,-10.729999999999999,-10.620000000000001,-14.52,-11.956666666666669,564
41.716,-87.575,31.19,39.34,20.5,8.98,19.38,80.62,20.32,52.53,27.14,63828,24.03,25.2,24.22,26.56,31.86,68.14,26.16,48.78,25.05,-17.58,-12.48,-5.84,-11.966666666666667,565
41.799,-87.709,37.49,30.45,24.01,8.05,22.92,77.08,17.7,52.23,30.07,11568,24.03,25.2,24.22,26.56,31.86,68.14,26.16,48.78,25.05,-18.509999999999998,-8.9399999999999977,-8.46,-11.969999999999999,566
41.769,-87.638,34.99,36.97,17.9,10.14,20.78,79.22,17.74,53.76,28.51,19582,24.03,25.2,24.22,26.56,31.86,68.14,26.16,48.78,25.05,-16.419999999999998,-11.079999999999998,-8.4200000000000017,-11.973333333333334,567
41.848,-87.691,39.11,27.62,20.44,12.83,22.08,77.92,13.64,70.95,15.41,12018,24.03,25.2,24.22,26.56,31.86,68.14,26.16,48.78,25.05,-13.729999999999999,-9.7800000000000011,-12.52,-12.01,568
41.7,-87.628,40.57,34.85,15.96,8.62,20.16,79.84,19.71,47.62,32.67,25285,24.03,25.2,24.22,26.56,31.86,68.14,26.16,48.78,25.05,-17.939999999999998,-11.7,-6.4499999999999993,-12.03,569
41.835,-87.625,19.27,39.8,28.47,12.46,20.75,79.25,15.27,63.73,21.0,36458,24.03,25.2,24.22,26.56,31.86,68.14,26.16,48.78,25.05,-14.099999999999998,-11.11,-10.89,-12.033333333333331,570
41.766,-87.599,24.16,42.91,24.16,8.77,17.3,82.7,22.34,51.92,25.74,23729,24.03,25.2,24.22,26.56,31.86,68.14,26.16,48.78,25.05,-17.79,-14.559999999999999,-3.8200000000000003,-12.056666666666665,571
41.74,-87.639,43.16,32.01,16.43,8.4,19.51,80.49,20.38,48.38,31.24,8191,24.03,25.2,24.22,26.56,31.86,68.14,26.16,48.78,25.05,-18.159999999999997,-12.349999999999998,-5.7800000000000011,-12.096666666666664,572
41.714,-87.638,36.16,34.08,18.16,11.6,24.02,75.98,12.67,51.8,35.53,19251,24.03,25.2,24.22,26.56,31.86,68.14,26.16,48.78,25.05,-14.959999999999999,-7.84,-13.49,-12.096666666666666,573
41.681,-87.652,37.64,33.67,21.75,6.93,23.0,77.0,18.3,42.19,39.51,17996,24.03,25.2,24.22,26.56,31.86,68.14,26.16,48.78,25.05,-19.63,-8.86,-7.8599999999999994,-12.116666666666665,574
41.828,-87.604,53.23,26.3,12.53,7.94,24.89,75.11,15.29,64.19,20.52,7782,24.03,25.2,24.22,26.56,31.86,68.14,26.16,48.78,25.05,-18.619999999999997,-6.9699999999999989,-10.870000000000001,-12.153333333333331,575
41.696,-87.652,37.58,34.71,18.3,9.42,20.37,79.63,18.3,45.88,35.82,15885,24.03,25.2,24.22,26.56,31.86,68.14,26.16,48.78,25.05,-17.14,-11.489999999999998,-7.8599999999999994,-12.163333333333332,576
41.689,-87.652,38.28,35.05,19.88,6.79,21.24,78.76,19.98,41.99,38.02,16918,24.03,25.2,24.22,26.56,31.86,68.14,26.16,48.78,25.05,-19.77,-10.620000000000001,-6.18,-12.19,577
41.761,-87.671,34.4,33.96,17.6,14.04,21.82,78.18,12.11,58.49,29.41,12307,24.03,25.2,24.22,26.56,31.86,68.14,26.16,48.78,25.05,-12.52,-10.04,-14.05,-12.203333333333333,578
41.682,-87.632,38.01,34.14,18.46,9.39,21.13,78.87,17.31,46.97,35.73,20444,24.03,25.2,24.22,26.56,31.86,68.14,26.16,48.78,25.05,-17.169999999999998,-10.73,-8.8500000000000014,-12.25,579
41.729,-87.609,41.75,36.38,13.89,7.98,20.52,79.48,19.12,46.69,34.19,9148,24.03,25.2,24.22,26.56,31.86,68.14,26.16,48.78,25.05,-18.58,-11.34,-7.0399999999999991,-12.319999999999999,580
41.942,-87.771,40.86,32.68,16.17,10.29,23.46,76.54,13.76,54.42,31.81,10420,24.03,25.2,24.22,26.56,31.86,68.14,26.16,48.78,25.05,-16.27,-8.3999999999999986,-12.4,-12.356666666666667,581
41.979,-87.903,20.15,29.14,27.46,23.25,24.11,75.89,0.13,6.04,93.83,3375062,24.03,25.2,24.22,26.56,31.86,68.14,26.16,48.78,25.05,-3.3099999999999987,-7.75,-26.03,-12.363333333333335,582
41.915,-87.797,33.45,33.1,21.45,12.0,24.59,75.41,10.89,45.67,43.44,22960,24.03,25.2,24.22,26.56,31.86,68.14,26.16,48.78,25.05,-14.559999999999999,-7.27,-15.27,-12.366666666666665,583
41.769,-87.649,38.54,34.68,16.86,9.92,18.67,81.33,18.83,53.0,28.17,15149,24.03,25.2,24.22,26.56,31.86,68.14,26.16,48.78,25.05,-16.64,-13.189999999999998,-7.3300000000000018,-12.386666666666665,584
41.855,-87.722,35.97,39.59,15.61,8.83,16.71,83.29,21.67,60.11,18.22,14318,24.03,25.2,24.22,26.56,31.86,68.14,26.16,48.78,25.05,-17.729999999999997,-15.149999999999999,-4.4899999999999984,-12.456666666666663,585
41.774,-87.693,43.53,30.99,11.96,13.51,21.28,78.72,12.32,56.62,31.06,21071,24.03,25.2,24.22,26.56,31.86,68.14,26.16,48.78,25.05,-13.049999999999999,-10.579999999999998,-13.84,-12.49,586
41.827,-87.61,51.98,26.45,12.66,8.91,21.34,78.66,16.73,62.64,20.62,8719,24.03,25.2,24.22,26.56,31.86,68.14,26.16,48.78,25.05,-17.65,-10.52,-9.43,-12.533333333333331,587
41.804,-87.621,37.71,36.58,18.94,6.78,20.32,79.68,19.88,59.05,21.06,9415,24.03,25.2,24.22,26.56,31.86,68.14,26.16,48.78,25.05,-19.779999999999998,-11.54,-6.2800000000000011,-12.533333333333331,587
41.804,-87.731,48.76,27.19,11.23,12.83,19.88,80.12,14.17,44.39,41.45,14626,24.03,25.2,24.22,26.56,31.86,68.14,26.16,48.78,25.05,-13.729999999999999,-11.98,-11.99,-12.566666666666668,589
41.683,-87.572,25.41,29.06,25.53,20.0,23.38,76.62,3.28,50.11,46.61,16427,24.03,25.2,24.22,26.56,31.86,68.14,26.16,48.78,25.05,-6.5599999999999987,-8.48,-22.88,-12.64,590
41.975,-87.844,54.49,25.87,10.17,9.47,26.13,73.87,11.0,60.26,28.75,12676,24.03,25.2,24.22,26.56,31.86,68.14,26.16,48.78,25.05,-17.089999999999996,-5.73,-15.16,-12.659999999999998,591
41.761,-87.581,25.88,47.36,20.0,6.75,19.7,80.3,20.03,44.36,35.61,10933,24.03,25.2,24.22,26.56,31.86,68.14,26.16,48.78,25.05,-19.81,-12.16,-6.129999999999999,-12.699999999999998,592
41.748,-87.656,35.73,36.32,17.85,10.1,20.55,79.45,15.79,55.51,28.7,20791,24.03,25.2,24.22,26.56,31.86,68.14,26.16,48.78,25.05,-16.46,-11.309999999999999,-10.370000000000001,-12.713333333333333,593
41.786,-87.751,22.24,30.09,27.09,20.58,24.12,75.88,1.68,6.25,92.08,826849,24.03,25.2,24.22,26.56,31.86,68.14,26.16,48.78,25.05,-5.98,-7.7399999999999984,-24.48,-12.733333333333334,594
41.783,-87.686,41.82,33.07,14.95,10.16,21.98,78.02,14.19,56.17,29.64,26436,24.03,25.2,24.22,26.56,31.86,68.14,26.16,48.78,25.05,-16.4,-9.879999999999999,-11.97,-12.75,595
41.784,-87.698,49.46,27.84,10.8,11.89,22.94,77.06,11.48,55.79,32.73,8469,24.03,25.2,24.22,26.56,31.86,68.14,26.16,48.78,25.05,-14.669999999999998,-8.9199999999999982,-14.68,-12.756666666666666,596
41.726,-87.649,43.41,33.05,15.39,8.15,23.32,76.68,14.81,52.48,32.7,11672,24.03,25.2,24.22,26.56,31.86,68.14,26.16,48.78,25.05,-18.409999999999997,-8.54,-11.35,-12.766666666666666,597
41.713,-87.666,33.58,36.05,23.98,6.38,24.01,75.99,15.57,40.04,44.39,9827,24.03,25.2,24.22,26.56,31.86,68.14,26.16,48.78,25.05,-20.18,-7.8499999999999979,-10.59,-12.873333333333333,598
41.776,-87.65,40.62,32.47,16.22,10.68,19.59,80.41,15.56,54.93,29.51,16336,24.03,25.2,24.22,26.56,31.86,68.14,26.16,48.78,25.05,-15.879999999999999,-12.27,-10.6,-12.916666666666666,599
41.775,-87.73,56.5,26.13,9.08,8.29,18.21,81.79,19.25,42.31,38.45,8469,24.03,25.2,24.22,26.56,31.86,68.14,26.16,48.78,25.05,-18.27,-13.649999999999999,-6.91,-12.943333333333333,600
41.711,-87.651,39.6,33.14,18.43,8.82,24.62,75.38,12.24,50.8,36.96,12764,24.03,25.2,24.22,26.56,31.86,68.14,26.16,48.78,25.05,-17.74,-7.2399999999999984,-13.92,-12.966666666666667,601
41.696,-87.616,37.52,37.51,17.68,7.29,18.63,81.37,19.69,46.67,33.63,19990,24.03,25.2,24.22,26.56,31.86,68.14,26.16,48.78,25.05,-19.27,-13.23,-6.4699999999999989,-12.99,602
41.79,-87.686,41.22,32.23,16.02,10.53,20.2,79.8,14.71,55.81,29.49,8682,24.03,25.2,24.22,26.56,31.86,68.14,26.16,48.78,25.05,-16.03,-11.66,-11.45,-13.046666666666667,603
41.926,-87.798,44.88,29.13,16.07,9.92,21.86,78.14,13.34,52.71,33.94,32579,24.03,25.2,24.22,26.56,31.86,68.14,26.16,48.78,25.05,-16.64,-10.0,-12.82,-13.153333333333334,604
41.748,-87.671,42.05,30.37,17.59,9.99,21.6,78.4,13.4,56.77,29.84,27270,24.03,25.2,24.22,26.56,31.86,68.14,26.16,48.78,25.05,-16.57,-10.259999999999998,-12.76,-13.196666666666665,605
41.674,-87.632,42.31,30.22,17.81,9.65,24.61,75.39,10.53,45.54,43.93,20083,24.03,25.2,24.22,26.56,31.86,68.14,26.16,48.78,25.05,-16.909999999999997,-7.25,-15.63,-13.263333333333334,606
41.816,-87.675,32.59,38.47,19.97,8.97,23.27,76.73,12.52,63.8,23.68,19804,24.03,25.2,24.22,26.56,31.86,68.14,26.16,48.78,25.05,-17.589999999999996,-8.59,-13.64,-13.273333333333332,607
41.776,-87.638,28.59,43.41,20.03,7.97,17.25,82.75,19.13,57.26,23.61,57614,24.03,25.2,24.22,26.56,31.86,68.14,26.16,48.78,25.05,-18.59,-14.61,-7.0300000000000011,-13.410000000000002,608
41.703,-87.65,27.66,42.48,21.55,8.31,20.56,79.44,15.25,54.3,30.45,9671,24.03,25.2,24.22,26.56,31.86,68.14,26.16,48.78,25.05,-18.25,-11.3,-10.91,-13.486666666666666,609
41.738,-87.712,33.54,41.03,20.33,5.1,21.03,78.97,17.95,54.72,27.34,11428,24.03,25.2,24.22,26.56,31.86,68.14,26.16,48.78,25.05,-21.46,-10.829999999999998,-8.21,-13.5,610
41.744,-87.564,48.89,27.41,15.49,8.21,20.58,79.42,15.24,45.11,39.66,14774,24.03,25.2,24.22,26.56,31.86,68.14,26.16,48.78,25.05,-18.349999999999998,-11.280000000000001,-10.92,-13.516666666666666,611
41.842,-87.622,40.59,35.86,18.22,5.34,20.79,79.21,17.72,63.25,19.02,43296,24.03,25.2,24.22,26.56,31.86,68.14,26.16,48.78,25.05,-21.22,-11.07,-8.4400000000000013,-13.576666666666668,612
41.935,-87.781,50.23,32.6,10.46,6.71,19.29,80.71,17.66,50.19,32.15,9298,24.03,25.2,24.22,26.56,31.86,68.14,26.16,48.78,25.05,-19.849999999999998,-12.57,-8.5,-13.64,613
41.95,-87.738,22.39,38.88,29.97,8.76,22.32,77.68,12.55,66.8,20.65,13104,24.03,25.2,24.22,26.56,31.86,68.14,26.16,48.78,25.05,-17.799999999999997,-9.54,-13.61,-13.649999999999999,614
41.728,-87.576,36.94,38.67,17.35,7.05,18.79,81.21,17.55,49.13,33.32,31879,24.03,25.2,24.22,26.56,31.86,68.14,26.16,48.78,25.05,-19.509999999999998,-13.07,-8.61,-13.729999999999999,615
41.746,-87.69,38.37,35.48,16.96,9.2,19.67,80.33,14.5,53.95,31.56,30486,24.03,25.2,24.22,26.56,31.86,68.14,26.16,48.78,25.05,-17.36,-12.189999999999998,-11.66,-13.736666666666665,616
41.711,-87.615,41.75,32.77,18.0,7.48,20.92,79.08,14.7,45.82,39.48,14638,24.03,25.2,24.22,26.56,31.86,68.14,26.16,48.78,25.05,-19.08,-10.939999999999998,-11.46,-13.826666666666666,617
41.821,-87.615,53.9,28.32,13.19,4.58,21.78,78.22,16.71,62.73,20.56,12665,24.03,25.2,24.22,26.56,31.86,68.14,26.16,48.78,25.05,-21.979999999999997,-10.079999999999998,-9.45,-13.836666666666664,618
41.7,-87.638,46.73,30.32,14.96,7.98,20.79,79.21,14.23,49.03,36.74,16106,24.03,25.2,24.22,26.56,31.86,68.14,26.16,48.78,25.05,-18.58,-11.07,-11.93,-13.86,619
41.864,-87.693,27.98,40.13,21.24,10.65,15.48,84.52,16.73,62.93,20.33,46043,24.03,25.2,24.22,26.56,31.86,68.14,26.16,48.78,25.05,-15.909999999999998,-16.38,-9.43,-13.906666666666666,620
41.664,-87.637,34.81,32.35,22.29,10.55,21.45,78.55,10.75,40.93,48.32,21617,24.03,25.2,24.22,26.56,31.86,68.14,26.16,48.78,25.05,-16.009999999999998,-10.41,-15.41,-13.943333333333333,621
41.977,-87.762,46.96,27.03,16.86,9.14,24.44,75.56,9.15,61.17,29.67,9689,24.03,25.2,24.22,26.56,31.86,68.14,26.16,48.78,25.05,-17.419999999999998,-7.4199999999999982,-17.009999999999998,-13.949999999999998,622
41.796,-87.772,39.92,31.67,18.43,9.98,23.95,76.05,8.58,40.58,50.85,7918,24.03,25.2,24.22,26.56,31.86,68.14,26.16,48.78,25.05,-16.58,-7.91,-17.58,-14.023333333333332,623
41.741,-87.67,42.75,36.55,13.33,7.36,20.08,79.92,15.02,55.66,29.32,21509,24.03,25.2,24.22,26.56,31.86,68.14,26.16,48.78,25.05,-19.2,-11.780000000000001,-11.14,-14.040000000000001,624
41.814,-87.624,45.62,34.46,13.12,6.79,19.47,80.53,16.14,64.05,19.81,10583,24.03,25.2,24.22,26.56,31.86,68.14,26.16,48.78,25.05,-19.77,-12.39,-10.02,-14.059999999999997,625
41.761,-87.686,46.06,30.33,15.11,8.5,21.04,78.96,12.85,56.94,30.21,18844,24.03,25.2,24.22,26.56,31.86,68.14,26.16,48.78,25.05,-18.06,-10.82,-13.31,-14.063333333333333,626
41.711,-87.628,52.23,26.49,13.85,7.44,18.5,81.5,16.19,45.51,38.3,8631,24.03,25.2,24.22,26.56,31.86,68.14,26.16,48.78,25.05,-19.119999999999997,-13.36,-9.9699999999999989,-14.149999999999999,627
41.784,-87.645,32.68,39.94,19.84,7.55,18.37,81.63,16.1,58.09,25.81,14586,24.03,25.2,24.22,26.56,31.86,68.14,26.16,48.78,25.05,-19.009999999999998,-13.489999999999998,-10.059999999999999,-14.186666666666667,628
41.747,-87.557,44.25,32.81,13.76,9.19,21.46,78.54,11.26,49.52,39.22,10614,24.03,25.2,24.22,26.56,31.86,68.14,26.16,48.78,25.05,-17.369999999999997,-10.399999999999999,-14.9,-14.223333333333331,629
41.751,-87.727,45.95,30.74,13.49,9.82,20.8,79.2,11.24,56.24,32.51,8298,24.03,25.2,24.22,26.56,31.86,68.14,26.16,48.78,25.05,-16.74,-11.059999999999999,-14.92,-14.24,630
41.791,-87.645,35.91,37.23,17.97,8.89,20.45,79.55,12.48,58.89,28.64,9289,24.03,25.2,24.22,26.56,31.86,68.14,26.16,48.78,25.05,-17.669999999999998,-11.41,-13.68,-14.253333333333332,631
41.982,-87.842,35.74,31.28,23.03,9.95,21.31,78.69,10.51,61.71,27.78,81793,24.03,25.2,24.22,26.56,31.86,68.14,26.16,48.78,25.05,-16.61,-10.55,-15.65,-14.270000000000001,632
42.007,-87.705,48.16,32.28,15.85,3.71,14.34,85.66,23.07,44.28,32.65,11209,24.03,25.2,24.22,26.56,31.86,68.14,26.16,48.78,25.05,-22.849999999999998,-17.52,-3.09,-14.486666666666665,633
41.827,-87.624,28.33,47.61,17.49,6.57,19.22,80.78,15.18,64.91,19.91,16527,24.03,25.2,24.22,26.56,31.86,68.14,26.16,48.78,25.05,-19.99,-12.64,-10.98,-14.536666666666667,634
41.848,-87.712,54.72,23.72,15.29,6.26,21.46,78.54,13.01,66.07,20.92,8371,24.03,25.2,24.22,26.56,31.86,68.14,26.16,48.78,25.05,-20.299999999999997,-10.399999999999999,-13.15,-14.616666666666665,635
41.782,-87.772,49.17,28.97,12.35,9.51,23.05,76.95,7.43,46.15,46.42,7994,24.03,25.2,24.22,26.56,31.86,68.14,26.16,48.78,25.05,-17.049999999999997,-8.8099999999999987,-18.73,-14.863333333333332,636
41.746,-87.712,42.77,34.21,14.9,8.12,17.91,82.09,13.84,53.95,32.21,13453,24.03,25.2,24.22,26.56,31.86,68.14,26.16,48.78,25.05,-18.439999999999998,-13.95,-12.32,-14.903333333333334,637
41.817,-87.692,53.97,28.03,10.05,7.95,19.85,80.15,11.71,61.85,26.43,10884,24.03,25.2,24.22,26.56,31.86,68.14,26.16,48.78,25.05,-18.61,-12.009999999999998,-14.45,-15.023333333333332,638
41.804,-87.614,40.67,41.66,11.8,5.87,12.69,87.31,20.86,57.59,21.55,11387,24.03,25.2,24.22,26.56,31.86,68.14,26.16,48.78,25.05,-20.689999999999998,-19.17,-5.3000000000000007,-15.053333333333333,639
41.65,-87.599,36.6,32.02,21.05,10.33,23.04,76.96,5.97,40.38,53.65,25447,24.03,25.2,24.22,26.56,31.86,68.14,26.16,48.78,25.05,-16.229999999999997,-8.82,-20.19,-15.079999999999998,640
41.87,-87.675,26.11,44.03,21.24,8.63,13.62,86.38,17.0,55.42,27.57,304956,24.03,25.2,24.22,26.56,31.86,68.14,26.16,48.78,25.05,-17.93,-18.240000000000002,-9.16,-15.11,641
41.761,-87.703,51.58,29.11,8.9,10.41,18.47,81.53,10.36,56.33,33.31,12303,24.03,25.2,24.22,26.56,31.86,68.14,26.16,48.78,25.05,-16.15,-13.39,-15.8,-15.113333333333335,642
41.815,-87.699,47.54,30.84,11.89,9.73,18.37,81.63,11.13,55.97,32.9,8529,24.03,25.2,24.22,26.56,31.86,68.14,26.16,48.78,25.05,-16.83,-13.489999999999998,-15.03,-15.116666666666665,643
41.92,-87.761,27.17,47.94,19.86,5.03,13.17,86.83,20.23,58.58,21.19,9239,24.03,25.2,24.22,26.56,31.86,68.14,26.16,48.78,25.05,-21.529999999999998,-18.689999999999998,-5.93,-15.383333333333333,644
41.827,-87.664,25.53,44.25,20.48,9.75,20.56,79.44,7.91,65.19,26.9,18910,24.03,25.2,24.22,26.56,31.86,68.14,26.16,48.78,25.05,-16.81,-11.3,-18.25,-15.453333333333333,645
41.718,-87.653,30.01,43.73,18.79,7.47,16.64,83.36,13.94,54.73,31.33,20319,24.03,25.2,24.22,26.56,31.86,68.14,26.16,48.78,25.05,-19.09,-15.219999999999999,-12.22,-15.51,646
41.754,-87.695,30.4,44.03,18.2,7.38,15.95,84.05,14.71,59.81,25.48,12756,24.03,25.2,24.22,26.56,31.86,68.14,26.16,48.78,25.05,-19.18,-15.91,-11.45,-15.513333333333335,647
41.768,-87.698,33.32,42.29,16.53,7.86,16.55,83.45,13.17,61.12,25.71,27548,24.03,25.2,24.22,26.56,31.86,68.14,26.16,48.78,25.05,-18.7,-15.309999999999999,-12.99,-15.666666666666666,648
41.82,-87.699,58.73,21.17,12.9,7.2,21.85,78.15,8.21,61.64,30.16,7713,24.03,25.2,24.22,26.56,31.86,68.14,26.16,48.78,25.05,-19.36,-10.009999999999998,-17.95,-15.773333333333332,649
41.977,-87.702,30.06,45.77,20.17,4.0,13.86,86.14,18.66,60.57,20.77,20196,24.03,25.2,24.22,26.56,31.86,68.14,26.16,48.78,25.05,-22.56,-18.0,-7.5,-16.02,650
41.667,-87.605,34.46,34.02,22.43,9.08,19.87,80.13,6.82,43.23,49.95,16395,24.03,25.2,24.22,26.56,31.86,68.14,26.16,48.78,25.05,-17.479999999999997,-11.989999999999998,-19.34,-16.27,651
41.746,-87.732,40.59,38.47,14.9,6.04,18.1,81.9,11.62,60.49,27.89,8707,24.03,25.2,24.22,26.56,31.86,68.14,26.16,48.78,25.05,-20.52,-13.759999999999998,-14.540000000000001,-16.273333333333333,652
41.715,-87.595,31.41,44.09,19.36,5.15,14.43,85.57,13.97,55.19,30.85,22948,24.03,25.2,24.22,26.56,31.86,68.14,26.16,48.78,25.05,-21.409999999999997,-17.43,-12.19,-17.009999999999998,653
41.956,-87.795,10.39,61.17,21.72,6.72,9.22,90.78,16.14,60.04,23.83,8633,24.03,25.2,24.22,26.56,31.86,68.14,26.16,48.78,25.05,-19.84,-22.64,-10.02,-17.5,654
41.696,-87.671,25.32,46.87,23.95,3.86,15.09,84.91,12.93,46.68,40.39,9640,24.03,25.2,24.22,26.56,31.86,68.14,26.16,48.78,25.05,-22.7,-16.77,-13.23,-17.566666666666666,655
41.718,-87.613,28.3,48.22,18.6,4.88,13.52,86.48,9.02,55.05,35.93,14224,24.03,25.2,24.22,26.56,31.86,68.14,26.16,48.78,25.05,-21.68,-18.34,-17.14,-19.053333333333331,656
41.814,-87.731,16.57,52.2,25.68,5.55,13.16,86.84,7.38,52.38,40.25,7822,24.03,25.2,24.22,26.56,31.86,68.14,26.16,48.78,25.05,-21.009999999999998,-18.7,-18.78,-19.496666666666666,657
41.739,-87.689,42.02,49.07,6.86,2.06,7.81,92.19,13.89,64.26,21.84,13216,24.03,25.2,24.22,26.56,31.86,68.14,26.16,48.78,25.05,-24.5,-24.05,-12.27,-20.27333333333333,658
41.838,-87.697,23.09,59.15,12.35,5.41,8.3,91.7,8.02,58.18,33.8,16727,24.03,25.2,24.22,26.56,31.86,68.14,26.16,48.78,25.05,-21.15,-23.56,-18.14,-20.95,659